emp_id,emp_name,email,hire_date,dept_id,,,,,,,,,
1,Nisha Jain,nishajain5183@gmail.com,4/2/2022,10,,,,,,,,,
2,Rohit Yadav,rohityadav8381@gmail.com,12/20/2020,1,,,,,,,,,
3,Pooja Singh,poojasingh8000@gmail.com,8/20/2022,4,,,,,,,,,
4,Rohit Gupta,rohitgupta6327@gmail.com,5/4/2021,7,,,,,,,,,
5,Suman Patel,sumanpatel8615@gmail.com,1/5/2017,6,,,,,,,,,
6,Rahul Mehta,rahulmehta3736@gmail.com,3/24/2018,7,,,,,,,,,
7,Rahul Gupta,rahulgupta1558@gmail.com,8/30/2020,1,,,,,,,,,
8,Deepak Singh,deepaksingh2565@gmail.com,8/4/2020,4,,,,,,,,,
9,Pooja Gupta,poojagupta3239@gmail.com,3/12/2023,14,,,,,,,,,
10,Pooja Singh,poojasingh1344@gmail.com,2/8/2018,5,,,,,,,,,
11,Sneha Mehta,snehamehta9509@gmail.com,9/2/2020,7,,,,,,,,,
12,Rohit Patel,rohitpatel5272@gmail.com,9/3/2018,4,,,,,,,,,
13,Amit Singh,amitsingh6046@gmail.com,3/20/2017,8,,,,,,,,,
14,Vikas Sharma,vikassharma6417@gmail.com,9/15/2021,2,,,,,,,,,
15,Vikas Mehta,vikasmehta1726@gmail.com,12/5/2017,6,,,,,,,,,
16,Vikas Gupta,vikasgupta7018@gmail.com,5/31/2022,5,,,,,,,,,
17,Pooja Kapoor,poojakapoor2935@gmail.com,1/16/2020,11,,,,,,,,,
18,Ravi Sharma,ravisharma3191@gmail.com,5/4/2017,4,,,,,,,,,
19,Vikas Singh,vikassingh4987@gmail.com,7/17/2020,6,,,,,,,,,
20,Vikas Gupta,vikasgupta5945@gmail.com,5/26/2022,1,,,,,,,,,
21,Priya Singh,priyasingh1274@gmail.com,12/7/2020,3,,,,,,,,,
22,Deepak Malhotra,deepakmalhotra5548@gmail.com,9/27/2017,6,,,,,,,,,
23,Rahul Yadav,rahulyadav4610@gmail.com,2/10/2022,4,,,,,,,,,
24,Nisha Gupta,nishagupta6793@gmail.com,7/12/2017,10,,,,,,,,,
25,Deepak Malhotra,deepakmalhotra6899@gmail.com,2/21/2017,11,,,,,,,,,
26,Pooja Jain,poojajain5124@gmail.com,9/8/2017,2,,,,,,,,,
27,Nisha Mehta,nishamehta6135@gmail.com,5/17/2021,12,,,,,,,,,
28,Suman Gupta,sumangupta7225@gmail.com,7/11/2022,2,,,,,,,,,
29,Deepak Kapoor,deepakkapoor4575@gmail.com,7/9/2017,8,,,,,,,,,
30,Vikas Verma,vikasverma8659@gmail.com,2/12/2022,4,,,,,,,,,
31,Rahul Mehta,rahulmehta5811@gmail.com,7/28/2022,7,,,,,,,,,
32,Vikas Gupta,vikasgupta1378@gmail.com,5/13/2018,11,,,,,,,,,
33,Amit Jain,amitjain5249@gmail.com,4/15/2021,3,,,,,,,,,
34,Karan Gupta,karangupta3964@gmail.com,3/12/2019,9,,,,,,,,,
35,Deepak Malhotra,deepakmalhotra1172@gmail.com,5/25/2019,6,,,,,,,,,
36,Ankit Verma,ankitverma7421@gmail.com,5/15/2023,7,,,,,,,,,
37,Ankit Patel,ankitpatel6119@gmail.com,7/8/2017,13,,,,,,,,,
38,Sneha Yadav,snehayadav3752@gmail.com,10/25/2021,12,,,,,,,,,
39,Rahul Sharma,rahulsharma1694@gmail.com,7/15/2020,6,,,,,,,,,
40,Karan Kapoor,karankapoor4230@gmail.com,6/29/2017,12,,,,,,,,,
41,Priya Mehta,priyamehta2168@gmail.com,1/19/2022,6,,,,,,,,,
42,Vikas Kapoor,vikaskapoor6766@gmail.com,11/13/2022,6,,,,,,,,,
43,Nisha Sharma,nishasharma8084@gmail.com,10/4/2023,4,,,,,,,,,
44,Ankit Sharma,ankitsharma6064@gmail.com,8/7/2020,8,,,,,,,,,
45,Pooja Verma,poojaverma4688@gmail.com,6/9/2018,12,,,,,,,,,
46,Deepak Gupta,deepakgupta9401@gmail.com,4/26/2019,2,,,,,,,,,
47,Rahul Kapoor,rahulkapoor9435@gmail.com,4/5/2022,12,,,,,,,,,
48,Nisha Patel,nishapatel6940@gmail.com,2/2/2017,9,,,,,,,,,
49,Ankit Mehta,ankitmehta8462@gmail.com,1/18/2023,8,,,,,,,,,
50,Neha Mehta,nehamehta5962@gmail.com,8/10/2022,11,,,,,,,,,
51,Suman Gupta,sumangupta4243@gmail.com,1/22/2018,1,,,,,,,,,
52,Vikas Malhotra,vikasmalhotra5821@gmail.com,11/23/2019,3,,,,,,,,,
53,Nisha Malhotra,nishamalhotra4189@gmail.com,3/10/2019,8,,,,,,,,,
54,Rahul Mehta,rahulmehta1530@gmail.com,5/29/2017,6,,,,,,,,,
55,Rahul Jain,rahuljain2644@gmail.com,7/8/2021,3,,,,,,,,,
56,Ravi Singh,ravisingh3199@gmail.com,6/11/2020,9,,,,,,,,,
57,Rahul Kapoor,rahulkapoor7448@gmail.com,10/11/2018,12,,,,,,,,,
58,Sneha Malhotra,snehamalhotra1212@gmail.com,6/18/2019,1,,,,,,,,,
59,Neha Kapoor,nehakapoor2697@gmail.com,4/26/2022,11,,,,,,,,,
60,Karan Gupta,karangupta2227@gmail.com,1/25/2018,10,,,,,,,,,
61,Deepak Jain,deepakjain3648@gmail.com,12/21/2020,6,,,,,,,,,
62,Vikas Yadav,vikasyadav8212@gmail.com,10/10/2019,2,,,,,,,,,
63,Suman Verma,sumanverma2916@gmail.com,12/3/2021,10,,,,,,,,,
64,Deepak Jain,deepakjain2153@gmail.com,1/16/2020,12,,,,,,,,,
65,Sneha Sharma,snehasharma6862@gmail.com,12/28/2017,13,,,,,,,,,
66,Vikas Verma,vikasverma7267@gmail.com,4/9/2023,9,,,,,,,,,
67,Rahul Verma,rahulverma7639@gmail.com,2/16/2023,7,,,,,,,,,
68,Vikas Kapoor,vikaskapoor2648@gmail.com,6/7/2022,5,,,,,,,,,
69,Nisha Singh,nishasingh2052@gmail.com,4/11/2020,4,,,,,,,,,
70,Nisha Sharma,nishasharma6209@gmail.com,8/4/2023,6,,,,,,,,,
71,Amit Jain,amitjain9145@gmail.com,3/3/2018,3,,,,,,,,,
72,Amit Singh,amitsingh4664@gmail.com,9/26/2020,7,,,,,,,,,
73,Priya Sharma,priyasharma6192@gmail.com,8/26/2019,3,,,,,,,,,
74,Pooja Jain,poojajain1502@gmail.com,8/19/2020,12,,,,,,,,,
75,Nisha Singh,nishasingh2835@gmail.com,3/19/2019,14,,,,,,,,,
76,Deepak Sharma,deepaksharma8106@gmail.com,6/27/2018,8,,,,,,,,,
77,Nisha Mehta,nishamehta1981@gmail.com,2/17/2017,13,,,,,,,,,
78,Amit Kapoor,amitkapoor9490@gmail.com,10/30/2023,1,,,,,,,,,
79,Amit Gupta,amitgupta9644@gmail.com,2/13/2021,5,,,,,,,,,
80,Ravi Patel,ravipatel3945@gmail.com,11/12/2021,10,,,,,,,,,
81,Pooja Verma,poojaverma1204@gmail.com,1/11/2018,3,,,,,,,,,
82,Ravi Singh,ravisingh8685@gmail.com,7/31/2020,12,,,,,,,,,
83,Priya Mehta,priyamehta6699@gmail.com,7/15/2018,10,,,,,,,,,
84,Karan Malhotra,karanmalhotra5747@gmail.com,5/3/2018,11,,,,,,,,,
85,Priya Sharma,priyasharma5356@gmail.com,9/22/2022,5,,,,,,,,,
86,Neha Verma,nehaverma6650@gmail.com,2/22/2022,1,,,,,,,,,
87,Deepak Singh,deepaksingh9546@gmail.com,2/3/2021,11,,,,,,,,,
88,Ankit Patel,ankitpatel10051@gmail.com,8/1/2021,8,,,,,,,,,
89,Nisha Kapoor,nishakapoor9767@gmail.com,3/28/2022,5,,,,,,,,,
90,Sneha Gupta,snehagupta1474@gmail.com,11/8/2021,10,,,,,,,,,
91,Karan Kapoor,karankapoor3916@gmail.com,2/14/2023,13,,,,,,,,,
92,Nisha Patel,nishapatel4717@gmail.com,10/14/2020,9,,,,,,,,,
93,Nisha Jain,nishajain6723@gmail.com,2/23/2023,8,,,,,,,,,
94,Rohit Malhotra,rohitmalhotra4885@gmail.com,10/22/2017,2,,,,,,,,,
95,Suman Gupta,sumangupta9372@gmail.com,6/29/2019,5,,,,,,,,,
96,Suman Singh,sumansingh2598@gmail.com,4/17/2017,3,,,,,,,,,
97,Priya Jain,priyajain4437@gmail.com,11/14/2020,13,,,,,,,,,
98,Neha Malhotra,nehamalhotra9737@gmail.com,12/21/2017,4,,,,,,,,,
99,Deepak Singh,deepaksingh7496@gmail.com,5/7/2023,8,,,,,,,,,
100,Pooja Patel,poojapatel3217@gmail.com,11/25/2022,8,,,,,,,,,
101,Ravi Patel,ravipatel8934@gmail.com,12/13/2018,9,,,,,,,,,
102,Suman Jain,sumanjain7316@gmail.com,9/7/2023,1,,,,,,,,,
103,Rohit Patel,rohitpatel8684@gmail.com,1/30/2023,9,,,,,,,,,
104,Deepak Jain,deepakjain8103@gmail.com,12/29/2018,14,,,,,,,,,
105,Vikas Kapoor,vikaskapoor9469@gmail.com,8/6/2020,8,,,,,,,,,
106,Vikas Singh,vikassingh3027@gmail.com,7/31/2019,8,,,,,,,,,
107,Rahul Verma,rahulverma1594@gmail.com,5/9/2022,8,,,,,,,,,
108,Ankit Verma,ankitverma9728@gmail.com,2/1/2023,9,,,,,,,,,
109,Suman Malhotra,sumanmalhotra6314@gmail.com,2/10/2021,10,,,,,,,,,
110,Priya Yadav,priyayadav1212@gmail.com,9/13/2018,9,,,,,,,,,
111,Karan Malhotra,karanmalhotra1135@gmail.com,3/20/2022,9,,,,,,,,,
112,Sneha Patel,snehapatel5456@gmail.com,4/30/2018,12,,,,,,,,,
113,Rohit Sharma,rohitsharma2688@gmail.com,9/3/2018,5,,,,,,,,,
114,Pooja Kapoor,poojakapoor7862@gmail.com,6/5/2023,12,,,,,,,,,
115,Sneha Yadav,snehayadav3514@gmail.com,12/25/2019,11,,,,,,,,,
116,Karan Kapoor,karankapoor7937@gmail.com,6/8/2019,13,,,,,,,,,
117,Ankit Verma,ankitverma4923@gmail.com,3/19/2022,6,,,,,,,,,
118,Nisha Malhotra,nishamalhotra9613@gmail.com,3/23/2020,3,,,,,,,,,
119,Neha Jain,nehajain9577@gmail.com,2/28/2020,2,,,,,,,,,
120,Rohit Gupta,rohitgupta5491@gmail.com,1/15/2017,6,,,,,,,,,
121,Vikas Singh,vikassingh7708@gmail.com,8/25/2021,9,,,,,,,,,
122,Rohit Kapoor,rohitkapoor6218@gmail.com,10/18/2019,12,,,,,,,,,
123,Neha Mehta,nehamehta6528@gmail.com,12/6/2022,4,,,,,,,,,
124,Karan Gupta,karangupta6756@gmail.com,12/8/2020,3,,,,,,,,,
125,Sneha Kapoor,snehakapoor3851@gmail.com,7/9/2017,8,,,,,,,,,
126,Suman Malhotra,sumanmalhotra4519@gmail.com,12/31/2021,2,,,,,,,,,
127,Pooja Yadav,poojayadav3014@gmail.com,11/1/2022,6,,,,,,,,,
128,Priya Malhotra,priyamalhotra9681@gmail.com,10/22/2023,6,,,,,,,,,
129,Nisha Jain,nishajain4298@gmail.com,1/8/2021,1,,,,,,,,,
130,Vikas Yadav,vikasyadav4384@gmail.com,8/6/2021,3,,,,,,,,,
131,Ravi Patel,ravipatel3024@gmail.com,6/27/2019,11,,,,,,,,,
132,Suman Yadav,sumanyadav3931@gmail.com,11/15/2018,14,,,,,,,,,
133,Nisha Sharma,nishasharma3870@gmail.com,12/4/2020,7,,,,,,,,,
134,Vikas Singh,vikassingh4074@gmail.com,10/26/2018,1,,,,,,,,,
135,Neha Kapoor,nehakapoor1758@gmail.com,12/17/2018,2,,,,,,,,,
136,Amit Kapoor,amitkapoor3534@gmail.com,11/22/2020,9,,,,,,,,,
137,Nisha Jain,nishajain6467@gmail.com,2/27/2017,14,,,,,,,,,
138,Rahul Patel,rahulpatel9246@gmail.com,12/28/2017,9,,,,,,,,,
139,Suman Mehta,sumanmehta1961@gmail.com,12/13/2022,11,,,,,,,,,
140,Ravi Patel,ravipatel4452@gmail.com,8/28/2017,4,,,,,,,,,
141,Nisha Sharma,nishasharma8416@gmail.com,11/28/2019,1,,,,,,,,,
142,Pooja Gupta,poojagupta3081@gmail.com,1/8/2021,4,,,,,,,,,
143,Ravi Yadav,raviyadav1479@gmail.com,8/10/2021,5,,,,,,,,,
144,Amit Jain,amitjain2012@gmail.com,6/27/2021,12,,,,,,,,,
145,Pooja Singh,poojasingh6877@gmail.com,11/15/2020,3,,,,,,,,,
146,Ankit Sharma,ankitsharma9979@gmail.com,7/12/2018,6,,,,,,,,,
147,Vikas Kapoor,vikaskapoor5194@gmail.com,9/30/2021,3,,,,,,,,,
97,Priya Jain,priyajain4437@gmail.com,11/14/2020,13,,,,,,,,,
148,Priya Malhotra,priyamalhotra6037@gmail.com,8/16/2021,2,,,,,,,,,
149,Suman Mehta,sumanmehta7325@gmail.com,10/25/2023,9,,,,,,,,,
150,Sneha Kapoor,snehakapoor6661@gmail.com,5/19/2020,10,,,,,,,,,
151,Suman Sharma,sumansharma7548@gmail.com,3/6/2023,2,,,,,,,,,
152,Priya Mehta,priyamehta6066@gmail.com,8/21/2023,3,,,,,,,,,
153,Rahul Singh,rahulsingh4204@gmail.com,7/4/2022,7,,,,,,,,,
154,Amit Singh,amitsingh2348@gmail.com,1/12/2018,5,,,,,,,,,
155,Karan Malhotra,karanmalhotra2524@gmail.com,3/17/2017,12,,,,,,,,,
156,Pooja Singh,poojasingh6685@gmail.com,10/5/2017,2,,,,,,,,,
157,Nisha Patel,nishapatel7267@gmail.com,4/22/2022,9,,,,,,,,,
158,Nisha Yadav,nishayadav8947@gmail.com,2/14/2021,11,,,,,,,,,
159,Ankit Verma,ankitverma6481@gmail.com,1/3/2020,13,,,,,,,,,
160,Deepak Malhotra,deepakmalhotra8259@gmail.com,10/14/2021,5,,,,,,,,,
161,Pooja Gupta,poojagupta4230@gmail.com,10/20/2017,4,,,,,,,,,
162,Priya Mehta,priyamehta5044@gmail.com,12/28/2021,3,,,,,,,,,
163,Nisha Patel,nishapatel6274@gmail.com,4/8/2022,1,,,,,,,,,
164,Pooja Jain,poojajain1231@gmail.com,12/23/2018,7,,,,,,,,,
165,Ankit Kapoor,ankitkapoor1178@gmail.com,7/13/2022,10,,,,,,,,,
166,Rahul Kapoor,rahulkapoor6906@gmail.com,2/4/2020,4,,,,,,,,,
167,Neha Verma,nehaverma7990@gmail.com,3/7/2021,6,,,,,,,,,
168,Neha Yadav,nehayadav10167@gmail.com,10/17/2022,10,,,,,,,,,
169,Deepak Patel,deepakpatel8139@gmail.com,7/2/2017,14,,,,,,,,,
170,Amit Jain,amitjain6511@gmail.com,7/30/2022,14,,,,,,,,,
171,Karan Yadav,karanyadav7229@gmail.com,1/10/2018,5,,,,,,,,,
172,Rohit Malhotra,rohitmalhotra5768@gmail.com,3/4/2023,1,,,,,,,,,
173,Vikas Singh,vikassingh7750@gmail.com,4/23/2023,7,,,,,,,,,
174,Karan Singh,karansingh1704@gmail.com,9/13/2018,11,,,,,,,,,
175,Amit Verma,amitverma4015@gmail.com,1/30/2017,7,,,,,,,,,
176,Rohit Singh,rohitsingh6897@gmail.com,6/22/2023,10,,,,,,,,,
177,Rohit Malhotra,rohitmalhotra5008@gmail.com,9/19/2023,5,,,,,,,,,
178,Pooja Jain,poojajain7512@gmail.com,1/3/2018,8,,,,,,,,,
179,Karan Yadav,karanyadav9125@gmail.com,8/8/2023,3,,,,,,,,,
180,Vikas Verma,vikasverma5174@gmail.com,5/24/2017,2,,,,,,,,,
181,Sneha Jain,snehajain8392@gmail.com,6/10/2023,11,,,,,,,,,
182,Pooja Patel,poojapatel9842@gmail.com,9/12/2017,1,,,,,,,,,
183,Karan Jain,karanjain9601@gmail.com,5/26/2017,5,,,,,,,,,
184,Vikas Sharma,vikassharma6558@gmail.com,8/5/2021,14,,,,,,,,,
185,Suman Jain,sumanjain1623@gmail.com,6/24/2019,14,,,,,,,,,
186,Neha Verma,nehaverma3723@gmail.com,3/7/2018,3,,,,,,,,,
187,Amit Singh,amitsingh3761@gmail.com,12/11/2019,13,,,,,,,,,
188,Rahul Verma,rahulverma4596@gmail.com,10/17/2020,13,,,,,,,,,
189,Suman Malhotra,sumanmalhotra9296@gmail.com,11/26/2022,9,,,,,,,,,
190,Pooja Verma,poojaverma7086@gmail.com,6/3/2020,4,,,,,,,,,
191,Vikas Gupta,vikasgupta4019@gmail.com,1/5/2018,3,,,,,,,,,
192,Amit Verma,amitverma3799@gmail.com,2/18/2023,11,,,,,,,,,
193,Priya Kapoor,priyakapoor3156@gmail.com,1/10/2022,10,,,,,,,,,
194,Ravi Gupta,ravigupta1255@gmail.com,10/18/2018,7,,,,,,,,,
195,Neha Verma,nehaverma10035@gmail.com,3/20/2019,6,,,,,,,,,
196,Priya Mehta,priyamehta9629@gmail.com,1/2/2017,11,,,,,,,,,
197,Rahul Verma,rahulverma9812@gmail.com,12/15/2018,8,,,,,,,,,
198,Vikas Patel,vikaspatel6299@gmail.com,1/21/2020,14,,,,,,,,,
199,Rohit Singh,rohitsingh2324@gmail.com,6/7/2021,5,,,,,,,,,
200,Nisha Gupta,nishagupta5737@gmail.com,3/17/2020,8,,,,,,,,,
201,Ravi Gupta,ravigupta3746@gmail.com,3/19/2019,6,,,,,,,,,
202,Neha Patel,nehapatel8615@gmail.com,9/1/2019,2,,,,,,,,,
203,Ankit Singh,ankitsingh2288@gmail.com,3/28/2020,1,,,,,,,,,
204,Vikas Malhotra,vikasmalhotra1367@gmail.com,7/25/2022,12,,,,,,,,,
205,Priya Yadav,priyayadav2732@gmail.com,12/18/2018,13,,,,,,,,,
206,Sneha Verma,snehaverma10085@gmail.com,4/15/2019,8,,,,,,,,,
207,Rahul Sharma,rahulsharma2315@gmail.com,1/16/2018,3,,,,,,,,,
208,Rahul Mehta,rahulmehta4452@gmail.com,11/24/2019,2,,,,,,,,,
209,Deepak Yadav,deepakyadav8908@gmail.com,2/10/2023,7,,,,,,,,,
210,Amit Kapoor,amitkapoor6351@gmail.com,4/26/2022,8,,,,,,,,,
211,Pooja Sharma,poojasharma6732@gmail.com,8/4/2020,9,,,,,,,,,
212,Sneha Sharma,snehasharma9566@gmail.com,11/18/2017,14,,,,,,,,,
213,Ankit Sharma,ankitsharma2749@gmail.com,12/27/2020,7,,,,,,,,,
214,Priya Verma,priyaverma6753@gmail.com,3/29/2018,14,,,,,,,,,
215,Ravi Verma,raviverma7208@gmail.com,6/11/2017,3,,,,,,,,,
216,Vikas Singh,vikassingh9406@gmail.com,8/11/2022,4,,,,,,,,,
217,Nisha Sharma,nishasharma3477@gmail.com,8/30/2019,3,,,,,,,,,
218,Pooja Singh,poojasingh8659@gmail.com,3/31/2023,11,,,,,,,,,
219,Amit Jain,amitjain3038@gmail.com,4/4/2021,3,,,,,,,,,
220,Rohit Gupta,rohitgupta1273@gmail.com,5/17/2017,10,,,,,,,,,
221,Amit Sharma,amitsharma5671@gmail.com,4/29/2019,12,,,,,,,,,
222,Nisha Gupta,nishagupta8346@gmail.com,12/7/2020,6,,,,,,,,,
223,Amit Verma,amitverma4573@gmail.com,6/4/2019,4,,,,,,,,,
224,Nisha Sharma,nishasharma3200@gmail.com,6/14/2018,13,,,,,,,,,
225,Nisha Gupta,nishagupta9288@gmail.com,4/17/2017,5,,,,,,,,,
226,Rahul Jain,rahuljain6526@gmail.com,1/17/2019,3,,,,,,,,,
227,Neha Sharma,nehasharma1932@gmail.com,7/2/2022,4,,,,,,,,,
228,Vikas Kapoor,vikaskapoor1367@gmail.com,5/30/2019,10,,,,,,,,,
229,Sneha Kapoor,snehakapoor7823@gmail.com,7/1/2022,1,,,,,,,,,
230,Nisha Kapoor,nishakapoor5501@gmail.com,2/24/2023,7,,,,,,,,,
231,Priya Kapoor,priyakapoor6901@gmail.com,10/12/2023,13,,,,,,,,,
232,Sneha Patel,snehapatel8331@gmail.com,5/22/2018,14,,,,,,,,,
233,Sneha Kapoor,snehakapoor7464@gmail.com,2/7/2021,8,,,,,,,,,
234,Sneha Gupta,snehagupta6565@gmail.com,4/10/2021,12,,,,,,,,,
235,Ravi Verma,raviverma5069@gmail.com,2/7/2020,2,,,,,,,,,
236,Rahul Yadav,rahulyadav4430@gmail.com,8/4/2021,9,,,,,,,,,
237,Amit Malhotra,amitmalhotra2420@gmail.com,8/16/2017,9,,,,,,,,,
238,Vikas Sharma,vikassharma4743@gmail.com,12/26/2018,13,,,,,,,,,
239,Rahul Malhotra,rahulmalhotra5403@gmail.com,3/30/2018,7,,,,,,,,,
240,Deepak Verma,deepakverma6194@gmail.com,6/27/2020,11,,,,,,,,,
241,Sneha Yadav,snehayadav5300@gmail.com,4/28/2020,7,,,,,,,,,
242,Amit Patel,amitpatel9038@gmail.com,3/24/2018,13,,,,,,,,,
243,Priya Jain,priyajain2393@gmail.com,10/3/2017,3,,,,,,,,,
244,Priya Yadav,priyayadav3881@gmail.com,2/20/2020,7,,,,,,,,,
245,Priya Patel,priyapatel6445@gmail.com,5/27/2019,3,,,,,,,,,
246,Deepak Kapoor,deepakkapoor3333@gmail.com,10/20/2018,8,,,,,,,,,
247,Deepak Kapoor,deepakkapoor3259@gmail.com,5/13/2020,2,,,,,,,,,
248,Karan Kapoor,karankapoor1839@gmail.com,6/28/2023,10,,,,,,,,,
249,Ankit Yadav,ankityadav1980@gmail.com,6/14/2022,7,,,,,,,,,
250,Amit Kapoor,amitkapoor3934@gmail.com,10/11/2020,2,,,,,,,,,
251,Priya Singh,priyasingh3438@gmail.com,9/16/2021,6,,,,,,,,,
252,Vikas Kapoor,vikaskapoor8530@gmail.com,3/20/2023,3,,,,,,,,,
253,Rahul Jain,rahuljain7246@gmail.com,4/20/2018,6,,,,,,,,,
254,Neha Gupta,nehagupta6836@gmail.com,4/29/2018,8,,,,,,,,,
255,Rohit Yadav,rohityadav2892@gmail.com,1/29/2017,11,,,,,,,,,
256,Sneha Sharma,snehasharma9456@gmail.com,2/15/2022,13,,,,,,,,,
257,Ravi Jain,ravijain3199@gmail.com,2/16/2017,8,,,,,,,,,
258,Ravi Patel,ravipatel4527@gmail.com,8/1/2018,11,,,,,,,,,
259,Karan Patel,karanpatel7887@gmail.com,8/19/2019,3,,,,,,,,,
260,Pooja Patel,poojapatel3417@gmail.com,1/29/2022,11,,,,,,,,,
261,Karan Jain,karanjain8215@gmail.com,7/2/2018,3,,,,,,,,,
262,Amit Kapoor,amitkapoor2600@gmail.com,3/15/2019,2,,,,,,,,,
263,Deepak Sharma,deepaksharma1911@gmail.com,8/22/2020,2,,,,,,,,,
264,Suman Singh,sumansingh2338@gmail.com,5/4/2022,3,,,,,,,,,
265,Vikas Mehta,vikasmehta4557@gmail.com,2/23/2021,12,,,,,,,,,
266,Ravi Verma,raviverma7106@gmail.com,9/18/2021,2,,,,,,,,,
267,Rohit Mehta,rohitmehta8750@gmail.com,4/24/2019,3,,,,,,,,,
268,Suman Malhotra,sumanmalhotra1898@gmail.com,7/26/2019,14,,,,,,,,,
269,Suman Sharma,sumansharma6646@gmail.com,6/16/2021,8,,,,,,,,,
270,Nisha Singh,nishasingh6632@gmail.com,9/30/2019,10,,,,,,,,,
271,Ravi Mehta,ravimehta4000@gmail.com,11/20/2022,7,,,,,,,,,
272,Amit Jain,amitjain1497@gmail.com,1/11/2018,5,,,,,,,,,
273,Rohit Malhotra,rohitmalhotra4433@gmail.com,12/1/2022,4,,,,,,,,,
274,Priya Yadav,priyayadav4929@gmail.com,7/5/2023,3,,,,,,,,,
275,Rohit Jain,rohitjain8807@gmail.com,8/12/2017,4,,,,,,,,,
276,Priya Patel,priyapatel6961@gmail.com,1/5/2023,6,,,,,,,,,
277,Suman Gupta,sumangupta5437@gmail.com,1/3/2020,14,,,,,,,,,
278,Nisha Sharma,nishasharma6295@gmail.com,5/19/2023,10,,,,,,,,,
279,Suman Malhotra,sumanmalhotra1364@gmail.com,3/25/2023,5,,,,,,,,,
280,Karan Jain,karanjain6341@gmail.com,4/3/2018,4,,,,,,,,,
281,Ankit Yadav,ankityadav3354@gmail.com,11/4/2021,13,,,,,,,,,
282,Rahul Patel,rahulpatel6125@gmail.com,2/12/2021,8,,,,,,,,,
235,Ravi Verma,raviverma5069@gmail.com,2/7/2020,2,,,,,,,,,
283,Nisha Singh,nishasingh10262@gmail.com,9/6/2020,5,,,,,,,,,
284,Ravi Malhotra,ravimalhotra10012@gmail.com,1/16/2020,1,,,,,,,,,
285,Sneha Malhotra,snehamalhotra7770@gmail.com,3/30/2023,2,,,,,,,,,
286,Ravi Singh,ravisingh6282@gmail.com,8/17/2020,14,,,,,,,,,
287,Ravi Jain,ravijain5016@gmail.com,9/14/2019,10,,,,,,,,,
288,Ravi Kapoor,ravikapoor1965@gmail.com,5/29/2019,12,,,,,,,,,
289,Rohit Patel,rohitpatel3850@gmail.com,3/26/2022,13,,,,,,,,,
290,Ravi Jain,ravijain10110@gmail.com,2/14/2022,13,,,,,,,,,
291,Pooja Sharma,poojasharma2250@gmail.com,12/18/2022,14,,,,,,,,,
292,Suman Gupta,sumangupta4196@gmail.com,9/12/2017,9,,,,,,,,,
293,Ankit Malhotra,ankitmalhotra3593@gmail.com,8/19/2021,7,,,,,,,,,
294,Rohit Yadav,rohityadav3924@gmail.com,1/21/2017,3,,,,,,,,,
295,Neha Malhotra,nehamalhotra1728@gmail.com,8/11/2018,13,,,,,,,,,
296,Neha Singh,nehasingh10256@gmail.com,4/8/2018,12,,,,,,,,,
297,Ankit Patel,ankitpatel8554@gmail.com,1/19/2018,8,,,,,,,,,
298,Rohit Malhotra,rohitmalhotra6426@gmail.com,8/8/2017,6,,,,,,,,,
299,Neha Yadav,nehayadav3294@gmail.com,5/17/2018,10,,,,,,,,,
300,Rahul Sharma,rahulsharma1357@gmail.com,4/12/2022,1,,,,,,,,,
301,Deepak Sharma,deepaksharma7085@gmail.com,11/1/2019,9,,,,,,,,,
302,Karan Sharma,karansharma2270@gmail.com,8/5/2023,10,,,,,,,,,
303,Sneha Jain,snehajain3385@gmail.com,8/19/2017,10,,,,,,,,,
304,Nisha Patel,nishapatel8476@gmail.com,6/22/2018,8,,,,,,,,,
305,Vikas Jain,vikasjain9439@gmail.com,9/17/2017,4,,,,,,,,,
306,Neha Jain,nehajain2193@gmail.com,1/28/2019,4,,,,,,,,,
307,Ankit Singh,ankitsingh3051@gmail.com,10/20/2021,2,,,,,,,,,
308,Ankit Gupta,ankitgupta8739@gmail.com,8/11/2017,9,,,,,,,,,
309,Amit Mehta,amitmehta8786@gmail.com,5/1/2020,11,,,,,,,,,
310,Priya Patel,priyapatel2360@gmail.com,10/5/2021,7,,,,,,,,,
311,Karan Kapoor,karankapoor2749@gmail.com,5/4/2018,5,,,,,,,,,
312,Pooja Yadav,poojayadav3894@gmail.com,8/4/2018,14,,,,,,,,,
313,Suman Jain,sumanjain7626@gmail.com,7/19/2020,10,,,,,,,,,
314,Deepak Singh,deepaksingh4493@gmail.com,8/19/2022,3,,,,,,,,,
315,Amit Malhotra,amitmalhotra7249@gmail.com,9/27/2020,1,,,,,,,,,
316,Ankit Gupta,ankitgupta1830@gmail.com,5/18/2022,3,,,,,,,,,
317,Vikas Sharma,vikassharma8826@gmail.com,6/21/2017,11,,,,,,,,,
318,Pooja Malhotra,poojamalhotra7480@gmail.com,10/4/2020,3,,,,,,,,,
319,Priya Sharma,priyasharma7836@gmail.com,9/17/2023,13,,,,,,,,,
320,Karan Mehta,karanmehta4978@gmail.com,4/4/2020,7,,,,,,,,,
321,Deepak Kapoor,deepakkapoor8911@gmail.com,5/2/2020,7,,,,,,,,,
322,Deepak Sharma,deepaksharma3407@gmail.com,9/12/2022,1,,,,,,,,,
323,Rohit Verma,rohitverma8511@gmail.com,3/31/2022,3,,,,,,,,,
324,Pooja Patel,poojapatel3047@gmail.com,10/17/2017,11,,,,,,,,,
325,Deepak Patel,deepakpatel4962@gmail.com,6/14/2023,11,,,,,,,,,
326,Suman Patel,sumanpatel1676@gmail.com,7/18/2017,10,,,,,,,,,
327,Neha Malhotra,nehamalhotra4406@gmail.com,9/12/2023,10,,,,,,,,,
328,Neha Patel,nehapatel7888@gmail.com,3/2/2021,7,,,,,,,,,
329,Ravi Patel,ravipatel1708@gmail.com,7/31/2022,12,,,,,,,,,
330,Rohit Malhotra,rohitmalhotra4237@gmail.com,3/1/2021,14,,,,,,,,,
331,Sneha Verma,snehaverma5695@gmail.com,2/28/2020,12,,,,,,,,,
332,Ankit Jain,ankitjain4117@gmail.com,2/7/2023,13,,,,,,,,,
333,Sneha Kapoor,snehakapoor3742@gmail.com,5/5/2019,9,,,,,,,,,
334,Neha Sharma,nehasharma7769@gmail.com,11/19/2018,9,,,,,,,,,
335,Amit Sharma,amitsharma8697@gmail.com,6/21/2019,10,,,,,,,,,
336,Rahul Sharma,rahulsharma8020@gmail.com,9/18/2020,1,,,,,,,,,
337,Rohit Gupta,rohitgupta2091@gmail.com,4/27/2020,14,,,,,,,,,
338,Rahul Kapoor,rahulkapoor2004@gmail.com,6/30/2018,2,,,,,,,,,
339,Ravi Verma,raviverma7267@gmail.com,12/17/2019,3,,,,,,,,,
340,Deepak Malhotra,deepakmalhotra9878@gmail.com,8/20/2020,4,,,,,,,,,
341,Ankit Mehta,ankitmehta3679@gmail.com,6/23/2020,2,,,,,,,,,
342,Sneha Singh,snehasingh6634@gmail.com,11/14/2017,9,,,,,,,,,
343,Ankit Mehta,ankitmehta4863@gmail.com,10/10/2020,11,,,,,,,,,
344,Pooja Mehta,poojamehta3531@gmail.com,12/27/2022,3,,,,,,,,,
345,Rahul Singh,rahulsingh8346@gmail.com,7/4/2023,12,,,,,,,,,
346,Ankit Mehta,ankitmehta7427@gmail.com,2/18/2019,13,,,,,,,,,
347,Deepak Malhotra,deepakmalhotra2125@gmail.com,12/2/2019,1,,,,,,,,,
348,Deepak Patel,deepakpatel10020@gmail.com,4/2/2022,5,,,,,,,,,
349,Rahul Malhotra,rahulmalhotra2945@gmail.com,2/8/2017,3,,,,,,,,,
350,Ankit Yadav,ankityadav7439@gmail.com,10/18/2019,10,,,,,,,,,
351,Amit Sharma,amitsharma6223@gmail.com,2/22/2022,13,,,,,,,,,
352,Ravi Kapoor,ravikapoor1382@gmail.com,11/6/2022,4,,,,,,,,,
353,Neha Sharma,nehasharma2170@gmail.com,11/20/2017,2,,,,,,,,,
354,Rahul Yadav,rahulyadav1636@gmail.com,6/9/2021,7,,,,,,,,,
355,Suman Singh,sumansingh4844@gmail.com,3/13/2017,8,,,,,,,,,
356,Pooja Kapoor,poojakapoor6452@gmail.com,6/4/2017,12,,,,,,,,,
357,Ankit Kapoor,ankitkapoor9446@gmail.com,10/20/2021,8,,,,,,,,,
358,Suman Kapoor,sumankapoor9035@gmail.com,2/20/2018,9,,,,,,,,,
359,Suman Gupta,sumangupta8478@gmail.com,3/6/2022,14,,,,,,,,,
360,Nisha Yadav,nishayadav3540@gmail.com,9/11/2020,11,,,,,,,,,
361,Pooja Patel,poojapatel9898@gmail.com,11/21/2020,6,,,,,,,,,
362,Priya Kapoor,priyakapoor4842@gmail.com,5/10/2020,13,,,,,,,,,
363,Nisha Jain,nishajain6136@gmail.com,9/8/2017,10,,,,,,,,,
364,Priya Malhotra,priyamalhotra6222@gmail.com,7/26/2017,4,,,,,,,,,
365,Pooja Malhotra,poojamalhotra8131@gmail.com,3/19/2021,1,,,,,,,,,
366,Neha Yadav,nehayadav2836@gmail.com,1/19/2018,2,,,,,,,,,
367,Ankit Verma,ankitverma8429@gmail.com,12/17/2019,7,,,,,,,,,
368,Nisha Kapoor,nishakapoor8870@gmail.com,9/25/2018,7,,,,,,,,,
369,Deepak Sharma,deepaksharma3779@gmail.com,11/16/2021,7,,,,,,,,,
370,Pooja Yadav,poojayadav1517@gmail.com,6/11/2018,7,,,,,,,,,
371,Ankit Patel,ankitpatel3333@gmail.com,3/3/2020,2,,,,,,,,,
372,Karan Yadav,karanyadav10350@gmail.com,3/7/2017,2,,,,,,,,,
373,Vikas Sharma,vikassharma1738@gmail.com,4/8/2021,6,,,,,,,,,
374,Ankit Gupta,ankitgupta3448@gmail.com,10/5/2019,2,,,,,,,,,
375,Pooja Patel,poojapatel4213@gmail.com,2/13/2019,12,,,,,,,,,
376,Rahul Malhotra,rahulmalhotra6763@gmail.com,9/27/2021,2,,,,,,,,,
377,Suman Gupta,sumangupta7073@gmail.com,1/9/2020,4,,,,,,,,,
378,Suman Sharma,sumansharma7859@gmail.com,5/18/2020,9,,,,,,,,,
379,Rohit Malhotra,rohitmalhotra6092@gmail.com,7/3/2018,5,,,,,,,,,
380,Rohit Malhotra,rohitmalhotra7444@gmail.com,1/18/2023,7,,,,,,,,,
381,Ankit Verma,ankitverma6511@gmail.com,8/19/2021,7,,,,,,,,,
382,Amit Sharma,amitsharma3602@gmail.com,10/29/2017,9,,,,,,,,,
383,Suman Mehta,sumanmehta9927@gmail.com,1/20/2018,1,,,,,,,,,
384,Suman Verma,sumanverma8155@gmail.com,2/6/2023,2,,,,,,,,,
385,Deepak Verma,deepakverma2244@gmail.com,2/1/2021,14,,,,,,,,,
386,Suman Kapoor,sumankapoor4706@gmail.com,9/19/2019,1,,,,,,,,,
387,Priya Yadav,priyayadav6406@gmail.com,11/24/2019,8,,,,,,,,,
388,Ravi Gupta,ravigupta1471@gmail.com,11/12/2020,3,,,,,,,,,
389,Pooja Jain,poojajain5492@gmail.com,3/22/2018,13,,,,,,,,,
390,Rohit Patel,rohitpatel3259@gmail.com,1/3/2017,8,,,,,,,,,
391,Amit Sharma,amitsharma2287@gmail.com,10/27/2019,6,,,,,,,,,
392,Ankit Malhotra,ankitmalhotra6041@gmail.com,8/8/2022,14,,,,,,,,,
393,Priya Mehta,priyamehta8279@gmail.com,8/7/2023,5,,,,,,,,,
394,Ravi Yadav,raviyadav8933@gmail.com,7/28/2022,12,,,,,,,,,
395,Sneha Verma,snehaverma2740@gmail.com,1/4/2020,13,,,,,,,,,
396,Neha Singh,nehasingh2961@gmail.com,4/22/2021,6,,,,,,,,,
397,Nisha Sharma,nishasharma2414@gmail.com,9/11/2019,6,,,,,,,,,
398,Rohit Verma,rohitverma4534@gmail.com,3/14/2020,3,,,,,,,,,
399,Nisha Sharma,nishasharma4388@gmail.com,8/31/2020,11,,,,,,,,,
400,Deepak Gupta,deepakgupta8712@gmail.com,7/30/2020,10,,,,,,,,,
401,Priya Sharma,priyasharma5894@gmail.com,6/6/2019,14,,,,,,,,,
402,Ankit Sharma,ankitsharma8510@gmail.com,1/11/2023,2,,,,,,,,,
403,Rohit Kapoor,rohitkapoor5583@gmail.com,4/15/2017,13,,,,,,,,,
404,Priya Yadav,priyayadav6659@gmail.com,11/12/2021,5,,,,,,,,,
405,Ravi Kapoor,ravikapoor6736@gmail.com,12/21/2017,12,,,,,,,,,
406,Priya Verma,priyaverma9169@gmail.com,7/25/2018,10,,,,,,,,,
407,Karan Verma,karanverma7074@gmail.com,10/28/2021,11,,,,,,,,,
408,Deepak Singh,deepaksingh10189@gmail.com,6/13/2023,11,,,,,,,,,
409,Neha Patel,nehapatel5838@gmail.com,8/1/2022,10,,,,,,,,,
410,Karan Sharma,karansharma5054@gmail.com,4/10/2020,11,,,,,,,,,
411,Rahul Patel,rahulpatel5378@gmail.com,7/15/2018,13,,,,,,,,,
412,Neha Yadav,nehayadav7862@gmail.com,5/17/2021,5,,,,,,,,,
413,Ankit Jain,ankitjain2390@gmail.com,8/10/2018,12,,,,,,,,,
414,Rahul Jain,rahuljain1839@gmail.com,6/2/2022,4,,,,,,,,,
415,Ankit Yadav,ankityadav7679@gmail.com,7/13/2019,13,,,,,,,,,
416,Nisha Gupta,nishagupta5715@gmail.com,3/30/2017,6,,,,,,,,,
300,Rahul Sharma,rahulsharma1357@gmail.com,4/12/2022,1,,,,,,,,,
417,Suman Patel,sumanpatel7755@gmail.com,8/5/2020,9,,,,,,,,,
418,Ravi Sharma,ravisharma7091@gmail.com,5/23/2022,5,,,,,,,,,
419,Neha Mehta,nehamehta5673@gmail.com,10/31/2021,11,,,,,,,,,
420,Nisha Kapoor,nishakapoor4926@gmail.com,9/9/2023,7,,,,,,,,,
421,Ankit Yadav,ankityadav9577@gmail.com,6/10/2021,6,,,,,,,,,
422,Karan Kapoor,karankapoor5976@gmail.com,6/26/2019,8,,,,,,,,,
423,Karan Mehta,karanmehta6835@gmail.com,7/7/2018,11,,,,,,,,,
424,Amit Verma,amitverma6094@gmail.com,12/18/2019,3,,,,,,,,,
425,Pooja Yadav,poojayadav7445@gmail.com,12/18/2021,14,,,,,,,,,
426,Karan Jain,karanjain1521@gmail.com,12/6/2017,8,,,,,,,,,
427,Amit Verma,amitverma6067@gmail.com,2/13/2018,14,,,,,,,,,
428,Ravi Malhotra,ravimalhotra4492@gmail.com,6/3/2020,5,,,,,,,,,
429,Rohit Yadav,rohityadav8367@gmail.com,6/27/2022,13,,,,,,,,,
430,Ankit Patel,ankitpatel4324@gmail.com,5/23/2021,9,,,,,,,,,
431,Ravi Verma,raviverma10002@gmail.com,3/30/2017,3,,,,,,,,,
432,Vikas Malhotra,vikasmalhotra3889@gmail.com,9/4/2019,8,,,,,,,,,
433,Amit Kapoor,amitkapoor2825@gmail.com,1/14/2021,7,,,,,,,,,
434,Neha Patel,nehapatel8889@gmail.com,12/6/2018,1,,,,,,,,,
435,Rahul Malhotra,rahulmalhotra6443@gmail.com,10/15/2020,5,,,,,,,,,
436,Vikas Singh,vikassingh7711@gmail.com,12/17/2019,5,,,,,,,,,
437,Ravi Mehta,ravimehta2829@gmail.com,3/18/2020,7,,,,,,,,,
438,Neha Yadav,nehayadav5457@gmail.com,1/9/2018,4,,,,,,,,,
439,Rahul Yadav,rahulyadav6287@gmail.com,8/28/2022,5,,,,,,,,,
440,Priya Mehta,priyamehta1881@gmail.com,2/10/2018,14,,,,,,,,,
441,Neha Sharma,nehasharma7032@gmail.com,5/16/2017,13,,,,,,,,,
442,Sneha Patel,snehapatel7918@gmail.com,7/22/2017,4,,,,,,,,,
443,Amit Kapoor,amitkapoor7315@gmail.com,5/8/2022,11,,,,,,,,,
444,Ankit Mehta,ankitmehta1566@gmail.com,1/24/2021,1,,,,,,,,,
445,Amit Jain,amitjain6022@gmail.com,7/20/2020,9,,,,,,,,,
446,Ravi Patel,ravipatel4212@gmail.com,6/1/2022,13,,,,,,,,,
447,Ankit Jain,ankitjain2088@gmail.com,7/31/2019,3,,,,,,,,,
448,Ravi Jain,ravijain9309@gmail.com,6/27/2018,3,,,,,,,,,
449,Suman Kapoor,sumankapoor4603@gmail.com,6/22/2020,4,,,,,,,,,
450,Amit Verma,amitverma8536@gmail.com,2/23/2022,1,,,,,,,,,
451,Rohit Kapoor,rohitkapoor4345@gmail.com,10/12/2018,10,,,,,,,,,
452,Neha Sharma,nehasharma8474@gmail.com,9/12/2018,11,,,,,,,,,
453,Amit Kapoor,amitkapoor9911@gmail.com,4/11/2017,4,,,,,,,,,
454,Rahul Sharma,rahulsharma4186@gmail.com,8/7/2022,9,,,,,,,,,
455,Pooja Jain,poojajain8665@gmail.com,12/17/2019,3,,,,,,,,,
456,Pooja Malhotra,poojamalhotra7764@gmail.com,2/27/2018,10,,,,,,,,,
457,Vikas Kapoor,vikaskapoor6718@gmail.com,6/27/2020,2,,,,,,,,,
458,Sneha Mehta,snehamehta1725@gmail.com,4/17/2021,3,,,,,,,,,
459,Karan Patel,karanpatel2199@gmail.com,1/10/2021,4,,,,,,,,,
460,Ravi Jain,ravijain9341@gmail.com,3/27/2020,13,,,,,,,,,
461,Rohit Patel,rohitpatel8251@gmail.com,11/13/2021,3,,,,,,,,,
462,Amit Mehta,amitmehta2576@gmail.com,8/17/2019,8,,,,,,,,,
463,Ravi Malhotra,ravimalhotra7805@gmail.com,12/16/2018,11,,,,,,,,,
464,Ravi Jain,ravijain8421@gmail.com,6/12/2020,6,,,,,,,,,
465,Sneha Malhotra,snehamalhotra6265@gmail.com,7/26/2018,2,,,,,,,,,
466,Suman Gupta,sumangupta2006@gmail.com,10/25/2021,1,,,,,,,,,
467,Amit Sharma,amitsharma4595@gmail.com,5/5/2017,7,,,,,,,,,
468,Ankit Jain,ankitjain2113@gmail.com,2/16/2021,9,,,,,,,,,
469,Amit Kapoor,amitkapoor4322@gmail.com,5/12/2023,11,,,,,,,,,
470,Rohit Patel,rohitpatel6461@gmail.com,5/24/2020,5,,,,,,,,,
471,Priya Gupta,priyagupta8689@gmail.com,4/29/2022,8,,,,,,,,,
472,Karan Singh,karansingh10272@gmail.com,12/24/2022,5,,,,,,,,,
473,Karan Singh,karansingh4933@gmail.com,1/5/2023,8,,,,,,,,,
474,Nisha Mehta,nishamehta9690@gmail.com,8/15/2019,12,,,,,,,,,
475,Neha Sharma,nehasharma8146@gmail.com,5/24/2018,11,,,,,,,,,
476,Pooja Jain,poojajain8784@gmail.com,10/28/2023,13,,,,,,,,,
477,Karan Gupta,karangupta1955@gmail.com,7/23/2017,11,,,,,,,,,
478,Sneha Singh,snehasingh9146@gmail.com,1/28/2020,11,,,,,,,,,
479,Rahul Kapoor,rahulkapoor3203@gmail.com,4/8/2023,7,,,,,,,,,
480,Amit Mehta,amitmehta6879@gmail.com,10/25/2020,4,,,,,,,,,
481,Sneha Verma,snehaverma2426@gmail.com,8/30/2023,6,,,,,,,,,
482,Neha Malhotra,nehamalhotra6653@gmail.com,2/25/2018,11,,,,,,,,,
483,Rohit Yadav,rohityadav7156@gmail.com,7/23/2017,7,,,,,,,,,
484,Vikas Patel,vikaspatel5094@gmail.com,6/18/2020,2,,,,,,,,,
485,Sneha Sharma,snehasharma2059@gmail.com,11/12/2022,9,,,,,,,,,
486,Ankit Yadav,ankityadav7488@gmail.com,2/28/2019,13,,,,,,,,,
487,Priya Singh,priyasingh7425@gmail.com,7/7/2021,13,,,,,,,,,
488,Nisha Yadav,nishayadav9148@gmail.com,2/22/2021,4,,,,,,,,,
489,Amit Patel,amitpatel1665@gmail.com,4/18/2017,10,,,,,,,,,
490,Pooja Singh,poojasingh6221@gmail.com,3/20/2019,13,,,,,,,,,
491,Vikas Gupta,vikasgupta9902@gmail.com,3/2/2021,14,,,,,,,,,
302,Karan Sharma,karansharma2270@gmail.com,8/5/2023,10,,,,,,,,,
492,Priya Malhotra,priyamalhotra9696@gmail.com,7/31/2018,2,,,,,,,,,
493,Neha Mehta,nehamehta2562@gmail.com,8/12/2019,14,,,,,,,,,
494,Pooja Sharma,poojasharma7720@gmail.com,8/12/2017,14,,,,,,,,,
495,Rohit Verma,rohitverma2959@gmail.com,8/27/2022,2,,,,,,,,,
496,Rahul Jain,rahuljain1708@gmail.com,9/26/2019,4,,,,,,,,,
497,Sneha Gupta,snehagupta2034@gmail.com,12/19/2020,8,,,,,,,,,
498,Suman Mehta,sumanmehta3807@gmail.com,4/22/2023,13,,,,,,,,,
499,Ankit Malhotra,ankitmalhotra8254@gmail.com,5/4/2018,3,,,,,,,,,
500,Amit Patel,amitpatel7167@gmail.com,1/19/2018,11,,,,,,,,,
501,Sneha Patel,snehapatel1888@gmail.com,8/20/2022,13,,,,,,,,,
502,Pooja Jain,poojajain3632@gmail.com,5/12/2019,6,,,,,,,,,
503,Nisha Gupta,nishagupta7577@gmail.com,9/13/2020,13,,,,,,,,,
504,Ravi Mehta,ravimehta8560@gmail.com,2/17/2019,8,,,,,,,,,
505,Rohit Yadav,rohityadav10257@gmail.com,9/21/2018,14,,,,,,,,,
506,Ankit Gupta,ankitgupta9687@gmail.com,3/8/2022,9,,,,,,,,,
507,Ravi Jain,ravijain9106@gmail.com,8/23/2018,14,,,,,,,,,
508,Sneha Sharma,snehasharma8608@gmail.com,11/10/2021,2,,,,,,,,,
509,Vikas Mehta,vikasmehta10283@gmail.com,12/25/2020,6,,,,,,,,,
510,Rahul Jain,rahuljain8934@gmail.com,6/14/2020,8,,,,,,,,,
511,Amit Jain,amitjain5227@gmail.com,12/7/2017,2,,,,,,,,,
512,Suman Yadav,sumanyadav9037@gmail.com,10/8/2022,8,,,,,,,,,
513,Nisha Sharma,nishasharma10311@gmail.com,12/4/2019,1,,,,,,,,,
514,Karan Malhotra,karanmalhotra5206@gmail.com,1/5/2022,6,,,,,,,,,
515,Deepak Malhotra,deepakmalhotra6683@gmail.com,2/5/2018,6,,,,,,,,,
516,Suman Malhotra,sumanmalhotra6572@gmail.com,5/14/2018,7,,,,,,,,,
517,Deepak Yadav,deepakyadav3668@gmail.com,10/18/2017,12,,,,,,,,,
518,Suman Jain,sumanjain7122@gmail.com,2/26/2018,5,,,,,,,,,
519,Rahul Kapoor,rahulkapoor7472@gmail.com,4/20/2020,1,,,,,,,,,
520,Vikas Patel,vikaspatel10066@gmail.com,8/19/2017,5,,,,,,,,,
521,Vikas Kapoor,vikaskapoor7973@gmail.com,11/17/2019,9,,,,,,,,,
522,Rahul Verma,rahulverma3072@gmail.com,10/12/2021,1,,,,,,,,,
523,Nisha Sharma,nishasharma2397@gmail.com,10/16/2019,10,,,,,,,,,
524,Ankit Patel,ankitpatel10192@gmail.com,5/27/2021,12,,,,,,,,,
525,Sneha Malhotra,snehamalhotra6331@gmail.com,8/28/2021,4,,,,,,,,,
526,Pooja Verma,poojaverma2816@gmail.com,10/11/2022,8,,,,,,,,,
527,Nisha Mehta,nishamehta3698@gmail.com,6/29/2022,13,,,,,,,,,
528,Nisha Gupta,nishagupta4787@gmail.com,7/3/2018,14,,,,,,,,,
529,Priya Gupta,priyagupta9885@gmail.com,2/9/2019,14,,,,,,,,,
530,Priya Yadav,priyayadav8900@gmail.com,4/15/2023,9,,,,,,,,,
531,Rahul Malhotra,rahulmalhotra9952@gmail.com,12/2/2020,3,,,,,,,,,
532,Amit Jain,amitjain3040@gmail.com,12/13/2017,13,,,,,,,,,
533,Priya Kapoor,priyakapoor6988@gmail.com,4/11/2021,13,,,,,,,,,
534,Neha Sharma,nehasharma6269@gmail.com,8/13/2021,10,,,,,,,,,
535,Rohit Kapoor,rohitkapoor4562@gmail.com,6/27/2017,13,,,,,,,,,
536,Amit Jain,amitjain5514@gmail.com,7/9/2017,5,,,,,,,,,
537,Sneha Yadav,snehayadav6516@gmail.com,2/19/2022,13,,,,,,,,,
538,Suman Sharma,sumansharma2078@gmail.com,1/5/2023,11,,,,,,,,,
539,Sneha Mehta,snehamehta9525@gmail.com,2/4/2022,11,,,,,,,,,
540,Rahul Malhotra,rahulmalhotra2350@gmail.com,7/20/2021,14,,,,,,,,,
541,Sneha Singh,snehasingh2414@gmail.com,9/29/2021,8,,,,,,,,,
542,Amit Gupta,amitgupta5858@gmail.com,10/1/2018,3,,,,,,,,,
543,Karan Verma,karanverma2104@gmail.com,6/10/2018,14,,,,,,,,,
544,Amit Jain,amitjain9154@gmail.com,5/21/2018,7,,,,,,,,,
545,Pooja Kapoor,poojakapoor4170@gmail.com,7/20/2023,3,,,,,,,,,
546,Vikas Patel,vikaspatel9889@gmail.com,3/6/2017,9,,,,,,,,,
547,Ankit Verma,ankitverma8681@gmail.com,12/14/2022,7,,,,,,,,,
548,Deepak Gupta,deepakgupta3924@gmail.com,9/21/2020,14,,,,,,,,,
549,Pooja Jain,poojajain5356@gmail.com,8/4/2018,13,,,,,,,,,
550,Karan Patel,karanpatel7255@gmail.com,3/25/2023,1,,,,,,,,,
551,Amit Patel,amitpatel4003@gmail.com,8/14/2020,4,,,,,,,,,
552,Amit Singh,amitsingh2247@gmail.com,12/18/2022,8,,,,,,,,,
553,Sneha Verma,snehaverma3761@gmail.com,7/21/2018,13,,,,,,,,,
554,Karan Mehta,karanmehta9398@gmail.com,11/29/2018,4,,,,,,,,,
555,Pooja Gupta,poojagupta6969@gmail.com,5/14/2020,7,,,,,,,,,
556,Amit Kapoor,amitkapoor5467@gmail.com,12/17/2021,13,,,,,,,,,
557,Vikas Mehta,vikasmehta7240@gmail.com,7/17/2021,10,,,,,,,,,
558,Rahul Mehta,rahulmehta1860@gmail.com,11/30/2018,10,,,,,,,,,
559,Nisha Gupta,nishagupta10021@gmail.com,2/24/2021,12,,,,,,,,,
560,Ravi Kapoor,ravikapoor4147@gmail.com,11/17/2017,6,,,,,,,,,
561,Amit Singh,amitsingh6693@gmail.com,3/21/2023,8,,,,,,,,,
562,Ankit Mehta,ankitmehta2968@gmail.com,6/28/2019,12,,,,,,,,,
550,Karan Patel,karanpatel7255@gmail.com,3/25/2023,1,,,,,,,,,
563,Neha Yadav,nehayadav9076@gmail.com,3/21/2020,12,,,,,,,,,
564,Sneha Kapoor,snehakapoor1685@gmail.com,3/28/2018,2,,,,,,,,,
565,Karan Singh,karansingh5351@gmail.com,1/29/2018,6,,,,,,,,,
566,Amit Singh,amitsingh5407@gmail.com,5/10/2019,12,,,,,,,,,
567,Deepak Singh,deepaksingh2917@gmail.com,1/12/2022,14,,,,,,,,,
568,Sneha Patel,snehapatel10232@gmail.com,1/4/2017,13,,,,,,,,,
569,Rohit Verma,rohitverma7070@gmail.com,10/13/2018,9,,,,,,,,,
570,Vikas Malhotra,vikasmalhotra5224@gmail.com,12/27/2022,7,,,,,,,,,
571,Suman Yadav,sumanyadav9519@gmail.com,1/18/2017,11,,,,,,,,,
572,Vikas Kapoor,vikaskapoor8230@gmail.com,5/7/2021,13,,,,,,,,,
573,Rahul Gupta,rahulgupta3371@gmail.com,2/20/2021,2,,,,,,,,,
574,Ravi Singh,ravisingh5726@gmail.com,8/18/2019,5,,,,,,,,,
575,Ravi Patel,ravipatel4285@gmail.com,12/16/2019,1,,,,,,,,,
576,Amit Sharma,amitsharma4941@gmail.com,4/20/2021,13,,,,,,,,,
577,Amit Sharma,amitsharma4435@gmail.com,12/10/2019,1,,,,,,,,,
578,Karan Mehta,karanmehta10355@gmail.com,11/27/2021,9,,,,,,,,,
579,Nisha Singh,nishasingh8856@gmail.com,3/25/2019,8,,,,,,,,,
580,Sneha Sharma,snehasharma5166@gmail.com,1/26/2020,5,,,,,,,,,
581,Neha Patel,nehapatel5685@gmail.com,2/13/2023,12,,,,,,,,,
582,Ravi Yadav,raviyadav3336@gmail.com,9/4/2021,6,,,,,,,,,
583,Rahul Singh,rahulsingh4578@gmail.com,1/17/2018,1,,,,,,,,,
584,Priya Kapoor,priyakapoor3386@gmail.com,11/10/2018,2,,,,,,,,,
585,Ravi Jain,ravijain3829@gmail.com,3/12/2019,8,,,,,,,,,
586,Rohit Patel,rohitpatel3387@gmail.com,7/8/2018,11,,,,,,,,,
587,Ravi Mehta,ravimehta7263@gmail.com,3/4/2020,7,,,,,,,,,
588,Pooja Singh,poojasingh1739@gmail.com,10/19/2021,7,,,,,,,,,
589,Karan Verma,karanverma1661@gmail.com,12/21/2017,4,,,,,,,,,
590,Karan Kapoor,karankapoor8006@gmail.com,8/13/2020,14,,,,,,,,,
591,Rohit Yadav,rohityadav4641@gmail.com,8/5/2020,6,,,,,,,,,
592,Vikas Singh,vikassingh2076@gmail.com,11/5/2020,2,,,,,,,,,
593,Suman Sharma,sumansharma2944@gmail.com,6/20/2021,5,,,,,,,,,
594,Amit Patel,amitpatel5236@gmail.com,5/26/2020,2,,,,,,,,,
595,Suman Yadav,sumanyadav10008@gmail.com,10/29/2018,14,,,,,,,,,
596,Amit Mehta,amitmehta3410@gmail.com,8/4/2021,5,,,,,,,,,
597,Deepak Yadav,deepakyadav7418@gmail.com,10/30/2018,12,,,,,,,,,
598,Sneha Mehta,snehamehta4827@gmail.com,1/19/2018,13,,,,,,,,,
599,Ankit Gupta,ankitgupta7730@gmail.com,7/1/2017,6,,,,,,,,,
600,Nisha Sharma,nishasharma4766@gmail.com,3/20/2018,12,,,,,,,,,
601,Sneha Jain,snehajain2877@gmail.com,4/23/2017,3,,,,,,,,,
602,Deepak Kapoor,deepakkapoor3643@gmail.com,4/18/2021,2,,,,,,,,,
603,Amit Gupta,amitgupta8223@gmail.com,4/30/2020,7,,,,,,,,,
604,Vikas Yadav,vikasyadav4742@gmail.com,3/22/2023,3,,,,,,,,,
605,Rahul Gupta,rahulgupta6358@gmail.com,10/22/2018,13,,,,,,,,,
606,Rahul Patel,rahulpatel5651@gmail.com,7/30/2021,6,,,,,,,,,
607,Neha Patel,nehapatel1984@gmail.com,3/25/2021,3,,,,,,,,,
608,Pooja Yadav,poojayadav8349@gmail.com,7/6/2022,2,,,,,,,,,
609,Amit Mehta,amitmehta3217@gmail.com,9/7/2018,11,,,,,,,,,
610,Deepak Jain,deepakjain7088@gmail.com,1/13/2023,7,,,,,,,,,
611,Rahul Patel,rahulpatel10072@gmail.com,12/9/2019,12,,,,,,,,,
612,Rohit Mehta,rohitmehta9026@gmail.com,8/20/2021,13,,,,,,,,,
613,Ravi Jain,ravijain8097@gmail.com,10/9/2018,13,,,,,,,,,
614,Amit Yadav,amityadav7387@gmail.com,2/17/2021,4,,,,,,,,,
615,Vikas Singh,vikassingh4060@gmail.com,9/9/2023,14,,,,,,,,,
616,Deepak Singh,deepaksingh4622@gmail.com,8/15/2017,1,,,,,,,,,
617,Suman Singh,sumansingh1862@gmail.com,4/3/2023,13,,,,,,,,,
618,Neha Patel,nehapatel4235@gmail.com,6/19/2020,13,,,,,,,,,
619,Sneha Malhotra,snehamalhotra4726@gmail.com,5/26/2023,1,,,,,,,,,
620,Rahul Sharma,rahulsharma2591@gmail.com,5/23/2018,8,,,,,,,,,
621,Rohit Singh,rohitsingh3128@gmail.com,8/21/2023,1,,,,,,,,,
622,Sneha Sharma,snehasharma6080@gmail.com,6/29/2020,14,,,,,,,,,
623,Amit Patel,amitpatel10281@gmail.com,9/18/2022,9,,,,,,,,,
624,Sneha Gupta,snehagupta9987@gmail.com,9/18/2020,5,,,,,,,,,
625,Karan Mehta,karanmehta4094@gmail.com,9/29/2018,10,,,,,,,,,
626,Amit Singh,amitsingh5442@gmail.com,1/3/2023,1,,,,,,,,,
627,Rahul Yadav,rahulyadav4805@gmail.com,6/2/2019,14,,,,,,,,,
628,Rahul Jain,rahuljain8843@gmail.com,8/16/2017,13,,,,,,,,,
629,Karan Jain,karanjain7421@gmail.com,12/5/2019,11,,,,,,,,,
630,Pooja Gupta,poojagupta6404@gmail.com,4/23/2017,10,,,,,,,,,
631,Amit Yadav,amityadav7624@gmail.com,10/27/2018,12,,,,,,,,,
632,Sneha Verma,snehaverma5866@gmail.com,8/31/2020,13,,,,,,,,,
633,Deepak Patel,deepakpatel7378@gmail.com,10/29/2021,6,,,,,,,,,
634,Sneha Gupta,snehagupta5258@gmail.com,10/3/2019,4,,,,,,,,,
635,Priya Yadav,priyayadav8271@gmail.com,7/20/2022,2,,,,,,,,,
636,Vikas Patel,vikaspatel9101@gmail.com,6/16/2019,13,,,,,,,,,
637,Suman Malhotra,sumanmalhotra6300@gmail.com,12/31/2022,8,,,,,,,,,
638,Karan Mehta,karanmehta9266@gmail.com,6/12/2021,9,,,,,,,,,
639,Suman Mehta,sumanmehta3976@gmail.com,3/4/2017,14,,,,,,,,,
640,Rohit Jain,rohitjain2612@gmail.com,5/26/2021,9,,,,,,,,,
641,Suman Sharma,sumansharma6253@gmail.com,4/23/2019,5,,,,,,,,,
642,Neha Gupta,nehagupta7615@gmail.com,12/17/2017,6,,,,,,,,,
643,Rahul Sharma,rahulsharma10237@gmail.com,11/1/2018,10,,,,,,,,,
644,Amit Verma,amitverma3902@gmail.com,8/4/2023,6,,,,,,,,,
645,Deepak Mehta,deepakmehta10275@gmail.com,11/29/2021,10,,,,,,,,,
646,Karan Verma,karanverma2283@gmail.com,11/9/2020,9,,,,,,,,,
647,Suman Jain,sumanjain7107@gmail.com,6/9/2017,3,,,,,,,,,
648,Amit Singh,amitsingh6213@gmail.com,4/9/2017,2,,,,,,,,,
649,Neha Singh,nehasingh5218@gmail.com,4/20/2021,10,,,,,,,,,
650,Ankit Verma,ankitverma9084@gmail.com,12/3/2019,8,,,,,,,,,
651,Ravi Malhotra,ravimalhotra4727@gmail.com,8/9/2022,7,,,,,,,,,
652,Priya Kapoor,priyakapoor8635@gmail.com,4/10/2020,14,,,,,,,,,
653,Suman Mehta,sumanmehta3050@gmail.com,1/9/2021,9,,,,,,,,,
654,Vikas Malhotra,vikasmalhotra2027@gmail.com,9/11/2020,9,,,,,,,,,
655,Vikas Kapoor,vikaskapoor6325@gmail.com,10/25/2017,11,,,,,,,,,
656,Neha Verma,nehaverma4153@gmail.com,8/19/2018,3,,,,,,,,,
657,Sneha Kapoor,snehakapoor6080@gmail.com,1/24/2019,13,,,,,,,,,
658,Rohit Sharma,rohitsharma5271@gmail.com,7/3/2023,3,,,,,,,,,
659,Rahul Gupta,rahulgupta8380@gmail.com,6/15/2021,10,,,,,,,,,
660,Nisha Jain,nishajain5932@gmail.com,5/14/2019,5,,,,,,,,,
661,Sneha Yadav,snehayadav8879@gmail.com,6/23/2023,8,,,,,,,,,
662,Rohit Kapoor,rohitkapoor4571@gmail.com,1/17/2018,1,,,,,,,,,
663,Rahul Verma,rahulverma8403@gmail.com,6/2/2018,2,,,,,,,,,
664,Vikas Patel,vikaspatel9924@gmail.com,6/13/2022,10,,,,,,,,,
665,Nisha Sharma,nishasharma6554@gmail.com,8/14/2018,5,,,,,,,,,
666,Deepak Singh,deepaksingh4492@gmail.com,9/15/2022,4,,,,,,,,,
667,Karan Singh,karansingh8706@gmail.com,9/18/2020,13,,,,,,,,,
668,Priya Patel,priyapatel3191@gmail.com,12/30/2020,12,,,,,,,,,
669,Neha Malhotra,nehamalhotra8203@gmail.com,1/2/2017,14,,,,,,,,,
670,Neha Jain,nehajain8793@gmail.com,5/2/2018,6,,,,,,,,,
671,Karan Patel,karanpatel6296@gmail.com,3/5/2020,9,,,,,,,,,
672,Amit Gupta,amitgupta2970@gmail.com,2/3/2018,9,,,,,,,,,
673,Nisha Verma,nishaverma9388@gmail.com,12/19/2019,3,,,,,,,,,
674,Rohit Verma,rohitverma2865@gmail.com,5/23/2020,2,,,,,,,,,
675,Nisha Sharma,nishasharma7436@gmail.com,10/27/2022,10,,,,,,,,,
676,Amit Malhotra,amitmalhotra8248@gmail.com,1/28/2022,9,,,,,,,,,
677,Karan Singh,karansingh7645@gmail.com,5/13/2021,14,,,,,,,,,
678,Ankit Yadav,ankityadav6667@gmail.com,5/10/2018,12,,,,,,,,,
679,Suman Malhotra,sumanmalhotra8720@gmail.com,11/18/2020,14,,,,,,,,,
680,Karan Jain,karanjain9620@gmail.com,4/4/2018,10,,,,,,,,,
681,Rohit Singh,rohitsingh5226@gmail.com,1/23/2022,8,,,,,,,,,
682,Rahul Kapoor,rahulkapoor5920@gmail.com,4/1/2023,6,,,,,,,,,
683,Vikas Gupta,vikasgupta3235@gmail.com,5/29/2019,12,,,,,,,,,
684,Deepak Patel,deepakpatel6427@gmail.com,8/21/2019,2,,,,,,,,,
685,Priya Patel,priyapatel9506@gmail.com,7/18/2021,4,,,,,,,,,
686,Deepak Yadav,deepakyadav8991@gmail.com,7/13/2019,9,,,,,,,,,
687,Ankit Mehta,ankitmehta7393@gmail.com,6/2/2022,5,,,,,,,,,
688,Pooja Mehta,poojamehta7594@gmail.com,11/27/2021,4,,,,,,,,,
689,Rahul Kapoor,rahulkapoor2338@gmail.com,7/23/2022,6,,,,,,,,,
690,Vikas Jain,vikasjain7194@gmail.com,7/11/2021,8,,,,,,,,,
691,Sneha Patel,snehapatel6304@gmail.com,6/10/2019,2,,,,,,,,,
692,Nisha Sharma,nishasharma4865@gmail.com,10/18/2023,10,,,,,,,,,
693,Vikas Mehta,vikasmehta7208@gmail.com,12/27/2022,5,,,,,,,,,
694,Suman Jain,sumanjain7997@gmail.com,3/24/2018,14,,,,,,,,,
695,Neha Patel,nehapatel4796@gmail.com,11/10/2018,8,,,,,,,,,
696,Karan Malhotra,karanmalhotra3305@gmail.com,4/2/2019,9,,,,,,,,,
697,Ravi Sharma,ravisharma9835@gmail.com,10/2/2017,4,,,,,,,,,
698,Neha Verma,nehaverma7018@gmail.com,11/15/2018,14,,,,,,,,,
699,Priya Yadav,priyayadav3247@gmail.com,8/12/2017,1,,,,,,,,,
700,Rahul Jain,rahuljain6221@gmail.com,7/21/2020,2,,,,,,,,,
701,Deepak Malhotra,deepakmalhotra9232@gmail.com,9/16/2020,13,,,,,,,,,
702,Suman Kapoor,sumankapoor6326@gmail.com,1/3/2017,3,,,,,,,,,
703,Ankit Kapoor,ankitkapoor5620@gmail.com,5/12/2017,9,,,,,,,,,
704,Pooja Jain,poojajain2858@gmail.com,2/13/2023,4,,,,,,,,,
705,Rahul Jain,rahuljain2397@gmail.com,7/24/2018,6,,,,,,,,,
706,Ankit Sharma,ankitsharma8526@gmail.com,8/29/2023,3,,,,,,,,,
707,Pooja Jain,poojajain2303@gmail.com,9/13/2017,5,,,,,,,,,
708,Deepak Sharma,deepaksharma4306@gmail.com,2/4/2021,13,,,,,,,,,
709,Sneha Singh,snehasingh3027@gmail.com,6/3/2019,11,,,,,,,,,
710,Neha Mehta,nehamehta8135@gmail.com,7/26/2017,13,,,,,,,,,
711,Vikas Patel,vikaspatel1931@gmail.com,12/4/2021,12,,,,,,,,,
712,Nisha Patel,nishapatel9609@gmail.com,11/8/2018,12,,,,,,,,,
713,Pooja Malhotra,poojamalhotra4592@gmail.com,10/12/2022,8,,,,,,,,,
714,Ravi Gupta,ravigupta6075@gmail.com,6/13/2019,12,,,,,,,,,
715,Neha Singh,nehasingh10276@gmail.com,5/23/2018,13,,,,,,,,,
716,Ankit Kapoor,ankitkapoor10583@gmail.com,7/8/2019,5,,,,,,,,,
717,Vikas Gupta,vikasgupta8658@gmail.com,8/22/2022,3,,,,,,,,,
718,Ravi Singh,ravisingh7991@gmail.com,1/28/2019,13,,,,,,,,,
719,Rahul Gupta,rahulgupta10151@gmail.com,10/15/2017,10,,,,,,,,,
720,Neha Singh,nehasingh7611@gmail.com,4/30/2020,9,,,,,,,,,
721,Ravi Gupta,ravigupta4039@gmail.com,7/14/2022,9,,,,,,,,,
722,Vikas Verma,vikasverma10248@gmail.com,5/2/2019,3,,,,,,,,,
723,Ravi Sharma,ravisharma10180@gmail.com,7/3/2022,9,,,,,,,,,
724,Nisha Malhotra,nishamalhotra8735@gmail.com,4/10/2022,12,,,,,,,,,
725,Deepak Jain,deepakjain10666@gmail.com,12/25/2020,12,,,,,,,,,
726,Amit Jain,amitjain8184@gmail.com,5/25/2020,14,,,,,,,,,
727,Ankit Singh,ankitsingh2684@gmail.com,3/9/2023,14,,,,,,,,,
728,Ravi Mehta,ravimehta4384@gmail.com,1/16/2019,1,,,,,,,,,
570,Vikas Malhotra,vikasmalhotra5224@gmail.com,12/27/2022,7,,,,,,,,,
729,Rohit Mehta,rohitmehta10462@gmail.com,7/22/2023,14,,,,,,,,,
730,Deepak Kapoor,deepakkapoor7643@gmail.com,2/26/2018,11,,,,,,,,,
731,Deepak Sharma,deepaksharma7322@gmail.com,6/15/2017,4,,,,,,,,,
732,Amit Verma,amitverma5959@gmail.com,1/30/2018,11,,,,,,,,,
733,Neha Malhotra,nehamalhotra1930@gmail.com,5/23/2022,7,,,,,,,,,
734,Pooja Kapoor,poojakapoor1919@gmail.com,3/4/2020,7,,,,,,,,,
735,Pooja Gupta,poojagupta8555@gmail.com,7/10/2020,13,,,,,,,,,
736,Rahul Singh,rahulsingh2296@gmail.com,1/31/2023,14,,,,,,,,,
737,Priya Yadav,priyayadav2340@gmail.com,4/23/2023,8,,,,,,,,,
738,Rohit Patel,rohitpatel7470@gmail.com,5/20/2017,10,,,,,,,,,
739,Nisha Malhotra,nishamalhotra5320@gmail.com,12/10/2019,2,,,,,,,,,
740,Karan Jain,karanjain9229@gmail.com,7/12/2022,3,,,,,,,,,
741,Karan Kapoor,karankapoor4451@gmail.com,11/1/2022,5,,,,,,,,,
742,Ravi Jain,ravijain7983@gmail.com,11/11/2021,3,,,,,,,,,
743,Karan Malhotra,karanmalhotra6999@gmail.com,2/1/2019,1,,,,,,,,,
744,Rahul Mehta,rahulmehta2053@gmail.com,12/16/2021,1,,,,,,,,,
745,Vikas Singh,vikassingh4509@gmail.com,12/9/2018,10,,,,,,,,,
746,Deepak Patel,deepakpatel8047@gmail.com,8/14/2017,6,,,,,,,,,
747,Sneha Yadav,snehayadav8157@gmail.com,7/30/2020,10,,,,,,,,,
748,Ankit Singh,ankitsingh5946@gmail.com,11/15/2017,2,,,,,,,,,
749,Suman Singh,sumansingh6366@gmail.com,1/27/2023,10,,,,,,,,,
750,Ankit Malhotra,ankitmalhotra3464@gmail.com,1/6/2021,10,,,,,,,,,
751,Suman Malhotra,sumanmalhotra10260@gmail.com,8/22/2018,12,,,,,,,,,
752,Pooja Yadav,poojayadav6463@gmail.com,2/18/2020,13,,,,,,,,,
753,Suman Sharma,sumansharma8483@gmail.com,4/6/2019,7,,,,,,,,,
754,Priya Gupta,priyagupta3156@gmail.com,5/15/2020,11,,,,,,,,,
755,Ankit Patel,ankitpatel10508@gmail.com,1/29/2023,14,,,,,,,,,
756,Suman Mehta,sumanmehta2274@gmail.com,5/11/2021,12,,,,,,,,,
757,Neha Singh,nehasingh9659@gmail.com,6/20/2018,7,,,,,,,,,
758,Sneha Malhotra,snehamalhotra4198@gmail.com,2/11/2022,6,,,,,,,,,
759,Rahul Kapoor,rahulkapoor9207@gmail.com,2/2/2019,6,,,,,,,,,
760,Rohit Verma,rohitverma8257@gmail.com,7/23/2022,2,,,,,,,,,
761,Priya Yadav,priyayadav1831@gmail.com,7/12/2023,2,,,,,,,,,
762,Ravi Mehta,ravimehta4843@gmail.com,8/4/2019,6,,,,,,,,,
763,Pooja Malhotra,poojamalhotra8632@gmail.com,5/21/2018,12,,,,,,,,,
764,Amit Patel,amitpatel3720@gmail.com,6/4/2023,11,,,,,,,,,
765,Pooja Sharma,poojasharma7563@gmail.com,8/15/2017,10,,,,,,,,,
766,Priya Gupta,priyagupta8990@gmail.com,6/25/2019,11,,,,,,,,,
767,Sneha Yadav,snehayadav4710@gmail.com,10/8/2020,8,,,,,,,,,
768,Pooja Sharma,poojasharma3276@gmail.com,10/16/2018,4,,,,,,,,,
769,Karan Yadav,karanyadav6782@gmail.com,5/29/2021,9,,,,,,,,,
770,Karan Singh,karansingh8974@gmail.com,10/26/2017,6,,,,,,,,,
771,Rahul Jain,rahuljain9854@gmail.com,2/28/2019,11,,,,,,,,,
772,Nisha Verma,nishaverma2853@gmail.com,8/12/2018,6,,,,,,,,,
773,Karan Singh,karansingh7136@gmail.com,4/9/2019,7,,,,,,,,,
774,Nisha Mehta,nishamehta3115@gmail.com,10/3/2017,13,,,,,,,,,
775,Karan Kapoor,karankapoor3897@gmail.com,8/27/2020,3,,,,,,,,,
776,Priya Malhotra,priyamalhotra10076@gmail.com,9/22/2020,5,,,,,,,,,
777,Rahul Yadav,rahulyadav10029@gmail.com,4/3/2019,4,,,,,,,,,
778,Rohit Singh,rohitsingh7361@gmail.com,10/16/2020,1,,,,,,,,,
779,Rahul Yadav,rahulyadav10421@gmail.com,2/12/2021,14,,,,,,,,,
780,Suman Sharma,sumansharma2188@gmail.com,3/21/2022,9,,,,,,,,,
781,Nisha Gupta,nishagupta8749@gmail.com,8/26/2017,13,,,,,,,,,
782,Nisha Jain,nishajain1838@gmail.com,5/26/2021,11,,,,,,,,,
783,Rahul Verma,rahulverma3857@gmail.com,8/5/2017,2,,,,,,,,,
784,Karan Singh,karansingh6673@gmail.com,3/5/2020,1,,,,,,,,,
785,Ravi Yadav,raviyadav5444@gmail.com,4/24/2023,10,,,,,,,,,
786,Nisha Gupta,nishagupta8566@gmail.com,7/11/2020,7,,,,,,,,,
787,Nisha Singh,nishasingh5675@gmail.com,12/23/2017,7,,,,,,,,,
788,Rahul Mehta,rahulmehta6453@gmail.com,8/9/2020,3,,,,,,,,,
789,Ravi Gupta,ravigupta9723@gmail.com,12/12/2017,9,,,,,,,,,
790,Amit Gupta,amitgupta10751@gmail.com,3/21/2019,9,,,,,,,,,
791,Priya Mehta,priyamehta6547@gmail.com,5/30/2023,4,,,,,,,,,
792,Suman Kapoor,sumankapoor8167@gmail.com,6/21/2022,10,,,,,,,,,
793,Neha Verma,nehaverma4794@gmail.com,6/19/2021,1,,,,,,,,,
794,Vikas Sharma,vikassharma4503@gmail.com,4/1/2022,5,,,,,,,,,
795,Pooja Kapoor,poojakapoor7035@gmail.com,4/14/2023,9,,,,,,,,,
796,Rohit Verma,rohitverma4902@gmail.com,12/5/2022,12,,,,,,,,,
797,Pooja Kapoor,poojakapoor1921@gmail.com,3/14/2018,8,,,,,,,,,
798,Amit Verma,amitverma5338@gmail.com,12/6/2022,8,,,,,,,,,
799,Sneha Malhotra,snehamalhotra4763@gmail.com,7/22/2019,1,,,,,,,,,
800,Amit Sharma,amitsharma6150@gmail.com,6/11/2018,9,,,,,,,,,
801,Suman Singh,sumansingh4257@gmail.com,9/16/2017,1,,,,,,,,,
802,Amit Jain,amitjain10403@gmail.com,10/22/2017,1,,,,,,,,,
803,Ankit Kapoor,ankitkapoor8213@gmail.com,12/6/2018,1,,,,,,,,,
804,Sneha Verma,snehaverma9400@gmail.com,8/15/2018,13,,,,,,,,,
805,Neha Singh,nehasingh8446@gmail.com,2/5/2017,3,,,,,,,,,
806,Neha Jain,nehajain5230@gmail.com,1/4/2018,5,,,,,,,,,
807,Pooja Sharma,poojasharma10266@gmail.com,12/28/2019,2,,,,,,,,,
808,Neha Mehta,nehamehta6815@gmail.com,12/24/2022,11,,,,,,,,,
809,Amit Kapoor,amitkapoor7782@gmail.com,11/15/2022,1,,,,,,,,,
810,Nisha Verma,nishaverma7148@gmail.com,11/1/2022,14,,,,,,,,,
811,Karan Kapoor,karankapoor4792@gmail.com,2/28/2020,2,,,,,,,,,
812,Vikas Kapoor,vikaskapoor6320@gmail.com,7/17/2022,7,,,,,,,,,
813,Vikas Yadav,vikasyadav8941@gmail.com,5/29/2017,5,,,,,,,,,
814,Sneha Verma,snehaverma10565@gmail.com,9/21/2023,2,,,,,,,,,
815,Rohit Yadav,rohityadav8110@gmail.com,3/21/2018,8,,,,,,,,,
816,Vikas Yadav,vikasyadav2319@gmail.com,2/8/2021,2,,,,,,,,,
817,Ravi Patel,ravipatel7975@gmail.com,3/9/2021,4,,,,,,,,,
818,Ravi Malhotra,ravimalhotra9571@gmail.com,6/6/2020,2,,,,,,,,,
819,Karan Singh,karansingh3263@gmail.com,5/21/2022,13,,,,,,,,,
820,Pooja Mehta,poojamehta8330@gmail.com,7/13/2021,10,,,,,,,,,
821,Neha Sharma,nehasharma10436@gmail.com,11/14/2021,5,,,,,,,,,
822,Neha Verma,nehaverma9249@gmail.com,4/16/2019,10,,,,,,,,,
823,Pooja Gupta,poojagupta7930@gmail.com,7/5/2023,7,,,,,,,,,
824,Nisha Verma,nishaverma6883@gmail.com,6/25/2021,2,,,,,,,,,
825,Suman Verma,sumanverma8383@gmail.com,7/18/2021,6,,,,,,,,,
826,Nisha Mehta,nishamehta2163@gmail.com,1/1/2018,1,,,,,,,,,
827,Deepak Patel,deepakpatel5531@gmail.com,7/28/2021,9,,,,,,,,,
828,Ravi Jain,ravijain6573@gmail.com,12/26/2021,12,,,,,,,,,
829,Nisha Sharma,nishasharma1978@gmail.com,2/9/2017,3,,,,,,,,,
830,Amit Malhotra,amitmalhotra7072@gmail.com,1/23/2022,7,,,,,,,,,
831,Amit Verma,amitverma3709@gmail.com,9/6/2022,14,,,,,,,,,
832,Deepak Malhotra,deepakmalhotra6045@gmail.com,2/3/2018,8,,,,,,,,,
833,Karan Gupta,karangupta9563@gmail.com,1/13/2018,3,,,,,,,,,
834,Neha Kapoor,nehakapoor8966@gmail.com,5/30/2018,4,,,,,,,,,
835,Vikas Sharma,vikassharma2565@gmail.com,11/20/2018,8,,,,,,,,,
836,Suman Singh,sumansingh6921@gmail.com,7/7/2021,3,,,,,,,,,
837,Ravi Verma,raviverma5382@gmail.com,4/10/2017,7,,,,,,,,,
838,Suman Kapoor,sumankapoor2022@gmail.com,10/2/2023,13,,,,,,,,,
839,Priya Kapoor,priyakapoor7522@gmail.com,6/13/2020,14,,,,,,,,,
840,Neha Singh,nehasingh7133@gmail.com,9/14/2022,12,,,,,,,,,
841,Deepak Mehta,deepakmehta6099@gmail.com,2/14/2018,14,,,,,,,,,
842,Pooja Sharma,poojasharma3300@gmail.com,5/23/2021,7,,,,,,,,,
843,Nisha Yadav,nishayadav3391@gmail.com,3/9/2018,2,,,,,,,,,
844,Nisha Jain,nishajain8071@gmail.com,12/8/2020,10,,,,,,,,,
845,Rahul Kapoor,rahulkapoor9112@gmail.com,11/21/2022,2,,,,,,,,,
846,Rahul Singh,rahulsingh8299@gmail.com,12/7/2020,6,,,,,,,,,
847,Priya Malhotra,priyamalhotra2277@gmail.com,3/15/2020,5,,,,,,,,,
848,Pooja Malhotra,poojamalhotra10147@gmail.com,6/11/2020,2,,,,,,,,,
849,Neha Singh,nehasingh5640@gmail.com,4/29/2019,3,,,,,,,,,
850,Nisha Singh,nishasingh8556@gmail.com,5/6/2021,7,,,,,,,,,
851,Karan Singh,karansingh8669@gmail.com,8/19/2021,1,,,,,,,,,
852,Karan Singh,karansingh10185@gmail.com,9/11/2020,2,,,,,,,,,
853,Neha Patel,nehapatel5197@gmail.com,1/12/2022,3,,,,,,,,,
854,Rohit Singh,rohitsingh6612@gmail.com,12/31/2017,14,,,,,,,,,
855,Priya Gupta,priyagupta9581@gmail.com,4/16/2020,13,,,,,,,,,
856,Nisha Kapoor,nishakapoor4833@gmail.com,3/9/2019,1,,,,,,,,,
857,Rohit Verma,rohitverma8066@gmail.com,8/19/2017,11,,,,,,,,,
858,Ravi Jain,ravijain7699@gmail.com,1/25/2018,3,,,,,,,,,
859,Sneha Verma,snehaverma10251@gmail.com,9/16/2021,6,,,,,,,,,
860,Vikas Malhotra,vikasmalhotra5774@gmail.com,6/26/2022,9,,,,,,,,,
861,Sneha Malhotra,snehamalhotra6850@gmail.com,10/13/2021,13,,,,,,,,,
862,Vikas Patel,vikaspatel8762@gmail.com,3/5/2020,1,,,,,,,,,
863,Ankit Sharma,ankitsharma7093@gmail.com,8/4/2020,11,,,,,,,,,
864,Sneha Verma,snehaverma4674@gmail.com,12/3/2021,1,,,,,,,,,
865,Ankit Kapoor,ankitkapoor10742@gmail.com,9/28/2020,8,,,,,,,,,
866,Amit Singh,amitsingh4223@gmail.com,7/11/2023,11,,,,,,,,,
867,Karan Yadav,karanyadav5788@gmail.com,2/27/2023,3,,,,,,,,,
868,Rahul Sharma,rahulsharma2204@gmail.com,1/1/2017,8,,,,,,,,,
869,Neha Jain,nehajain3750@gmail.com,6/11/2023,2,,,,,,,,,
870,Suman Mehta,sumanmehta4718@gmail.com,12/19/2020,14,,,,,,,,,
871,Neha Sharma,nehasharma3367@gmail.com,3/12/2023,1,,,,,,,,,
872,Sneha Singh,snehasingh5070@gmail.com,1/9/2021,12,,,,,,,,,
873,Deepak Kapoor,deepakkapoor3332@gmail.com,6/22/2017,10,,,,,,,,,
874,Ravi Mehta,ravimehta6606@gmail.com,11/1/2021,8,,,,,,,,,
875,Rohit Patel,rohitpatel3445@gmail.com,7/5/2017,10,,,,,,,,,
876,Rohit Patel,rohitpatel4345@gmail.com,3/17/2018,10,,,,,,,,,
877,Rahul Kapoor,rahulkapoor7660@gmail.com,2/13/2017,11,,,,,,,,,
878,Vikas Patel,vikaspatel3012@gmail.com,12/2/2019,2,,,,,,,,,
879,Ravi Yadav,raviyadav5847@gmail.com,2/2/2019,14,,,,,,,,,
880,Karan Sharma,karansharma8751@gmail.com,6/1/2023,2,,,,,,,,,
881,Rahul Mehta,rahulmehta4239@gmail.com,8/12/2019,6,,,,,,,,,
882,Deepak Gupta,deepakgupta7866@gmail.com,6/12/2019,1,,,,,,,,,
883,Amit Kapoor,amitkapoor5507@gmail.com,2/22/2020,4,,,,,,,,,
884,Pooja Kapoor,poojakapoor4369@gmail.com,10/7/2022,1,,,,,,,,,
885,Vikas Singh,vikassingh8706@gmail.com,10/9/2020,5,,,,,,,,,
886,Ankit Kapoor,ankitkapoor6068@gmail.com,3/17/2019,1,,,,,,,,,
887,Priya Mehta,priyamehta9544@gmail.com,3/20/2017,10,,,,,,,,,
888,Deepak Mehta,deepakmehta5186@gmail.com,12/11/2022,13,,,,,,,,,
889,Pooja Yadav,poojayadav4313@gmail.com,9/15/2017,1,,,,,,,,,
890,Amit Patel,amitpatel2007@gmail.com,2/12/2022,10,,,,,,,,,
779,Rahul Yadav,rahulyadav10421@gmail.com,2/12/2021,14,,,,,,,,,
891,Vikas Kapoor,vikaskapoor10211@gmail.com,5/23/2021,2,,,,,,,,,
892,Amit Malhotra,amitmalhotra3541@gmail.com,4/27/2020,8,,,,,,,,,
893,Ravi Sharma,ravisharma9907@gmail.com,8/12/2018,2,,,,,,,,,
894,Ankit Sharma,ankitsharma7897@gmail.com,1/31/2022,1,,,,,,,,,
895,Sneha Kapoor,snehakapoor8251@gmail.com,5/12/2020,8,,,,,,,,,
896,Suman Gupta,sumangupta4393@gmail.com,7/1/2023,3,,,,,,,,,
897,Amit Malhotra,amitmalhotra9579@gmail.com,11/5/2023,14,,,,,,,,,
898,Ankit Singh,ankitsingh5137@gmail.com,3/31/2022,8,,,,,,,,,
899,Pooja Mehta,poojamehta7569@gmail.com,12/31/2021,9,,,,,,,,,
900,Vikas Malhotra,vikasmalhotra10211@gmail.com,12/18/2020,14,,,,,,,,,
901,Amit Singh,amitsingh3381@gmail.com,3/14/2020,10,,,,,,,,,
902,Sneha Verma,snehaverma4824@gmail.com,10/22/2022,3,,,,,,,,,
903,Amit Kapoor,amitkapoor9606@gmail.com,1/13/2020,8,,,,,,,,,
904,Rohit Gupta,rohitgupta8527@gmail.com,3/9/2021,7,,,,,,,,,
905,Nisha Mehta,nishamehta3073@gmail.com,5/2/2019,13,,,,,,,,,
906,Karan Jain,karanjain3983@gmail.com,7/9/2023,10,,,,,,,,,
907,Sneha Mehta,snehamehta3781@gmail.com,11/4/2023,10,,,,,,,,,
908,Pooja Jain,poojajain6545@gmail.com,2/18/2018,3,,,,,,,,,
909,Vikas Verma,vikasverma2311@gmail.com,6/21/2018,13,,,,,,,,,
910,Rahul Mehta,rahulmehta2693@gmail.com,5/6/2018,10,,,,,,,,,
911,Ravi Sharma,ravisharma8250@gmail.com,7/14/2017,5,,,,,,,,,
912,Karan Gupta,karangupta9930@gmail.com,7/8/2017,1,,,,,,,,,
913,Deepak Sharma,deepaksharma6093@gmail.com,12/12/2020,2,,,,,,,,,
914,Ankit Yadav,ankityadav7387@gmail.com,12/28/2019,9,,,,,,,,,
915,Suman Gupta,sumangupta3737@gmail.com,3/26/2018,1,,,,,,,,,
916,Karan Mehta,karanmehta4197@gmail.com,12/2/2020,7,,,,,,,,,
917,Nisha Malhotra,nishamalhotra3613@gmail.com,2/16/2018,8,,,,,,,,,
918,Rohit Singh,rohitsingh5579@gmail.com,9/3/2021,10,,,,,,,,,
919,Rahul Patel,rahulpatel4805@gmail.com,2/10/2021,4,,,,,,,,,
920,Amit Jain,amitjain5153@gmail.com,6/4/2023,2,,,,,,,,,
921,Ankit Verma,ankitverma9252@gmail.com,3/26/2023,10,,,,,,,,,
922,Rahul Gupta,rahulgupta2470@gmail.com,11/9/2021,7,,,,,,,,,
923,Deepak Sharma,deepaksharma4040@gmail.com,3/20/2020,14,,,,,,,,,
924,Nisha Jain,nishajain8015@gmail.com,6/22/2020,9,,,,,,,,,
925,Ravi Yadav,raviyadav2684@gmail.com,3/10/2023,14,,,,,,,,,
926,Pooja Sharma,poojasharma8616@gmail.com,2/1/2019,7,,,,,,,,,
927,Rohit Kapoor,rohitkapoor7019@gmail.com,11/11/2017,7,,,,,,,,,
928,Priya Kapoor,priyakapoor8670@gmail.com,6/29/2022,9,,,,,,,,,
929,Deepak Jain,deepakjain7165@gmail.com,10/28/2020,6,,,,,,,,,
930,Neha Malhotra,nehamalhotra4166@gmail.com,9/23/2022,7,,,,,,,,,
931,Suman Yadav,sumanyadav6998@gmail.com,5/29/2022,1,,,,,,,,,
932,Nisha Kapoor,nishakapoor5118@gmail.com,11/5/2023,13,,,,,,,,,
933,Deepak Verma,deepakverma5952@gmail.com,8/31/2023,9,,,,,,,,,
934,Neha Singh,nehasingh3531@gmail.com,10/24/2019,7,,,,,,,,,
935,Priya Gupta,priyagupta6759@gmail.com,1/22/2020,6,,,,,,,,,
936,Pooja Sharma,poojasharma2403@gmail.com,12/8/2021,14,,,,,,,,,
937,Nisha Patel,nishapatel4126@gmail.com,6/14/2021,14,,,,,,,,,
938,Amit Sharma,amitsharma8205@gmail.com,9/8/2021,3,,,,,,,,,
939,Pooja Gupta,poojagupta9578@gmail.com,5/28/2021,9,,,,,,,,,
940,Deepak Patel,deepakpatel2694@gmail.com,12/15/2020,5,,,,,,,,,
941,Karan Malhotra,karanmalhotra8132@gmail.com,12/27/2020,8,,,,,,,,,
942,Deepak Kapoor,deepakkapoor9641@gmail.com,1/10/2017,1,,,,,,,,,
943,Priya Malhotra,priyamalhotra8142@gmail.com,2/15/2021,4,,,,,,,,,
944,Suman Patel,sumanpatel2281@gmail.com,4/2/2021,9,,,,,,,,,
945,Suman Patel,sumanpatel3927@gmail.com,3/4/2020,1,,,,,,,,,
946,Rahul Malhotra,rahulmalhotra6160@gmail.com,6/22/2019,7,,,,,,,,,
947,Nisha Verma,nishaverma7086@gmail.com,7/19/2019,8,,,,,,,,,
948,Suman Jain,sumanjain8884@gmail.com,8/6/2023,4,,,,,,,,,
949,Rahul Sharma,rahulsharma4205@gmail.com,10/6/2023,4,,,,,,,,,
950,Nisha Kapoor,nishakapoor3898@gmail.com,10/7/2019,9,,,,,,,,,
951,Suman Jain,sumanjain7775@gmail.com,9/16/2022,9,,,,,,,,,
952,Vikas Verma,vikasverma5128@gmail.com,3/12/2021,14,,,,,,,,,
953,Rahul Sharma,rahulsharma7433@gmail.com,6/5/2021,5,,,,,,,,,
954,Deepak Verma,deepakverma6090@gmail.com,9/14/2019,4,,,,,,,,,
955,Rahul Patel,rahulpatel9304@gmail.com,11/19/2020,2,,,,,,,,,
956,Ankit Gupta,ankitgupta4850@gmail.com,11/24/2017,4,,,,,,,,,
957,Pooja Yadav,poojayadav7763@gmail.com,7/13/2017,3,,,,,,,,,
958,Priya Kapoor,priyakapoor2600@gmail.com,2/25/2023,9,,,,,,,,,
959,Priya Singh,priyasingh5268@gmail.com,11/22/2017,14,,,,,,,,,
960,Ravi Verma,raviverma9827@gmail.com,5/13/2017,7,,,,,,,,,
961,Ankit Yadav,ankityadav9935@gmail.com,5/28/2020,5,,,,,,,,,
962,Suman Patel,sumanpatel3699@gmail.com,4/16/2019,3,,,,,,,,,
963,Vikas Kapoor,vikaskapoor10774@gmail.com,8/19/2021,3,,,,,,,,,
964,Deepak Mehta,deepakmehta5194@gmail.com,2/28/2017,7,,,,,,,,,
965,Deepak Yadav,deepakyadav2168@gmail.com,10/11/2022,13,,,,,,,,,
966,Sneha Gupta,snehagupta4407@gmail.com,9/9/2020,11,,,,,,,,,
967,Karan Kapoor,karankapoor9225@gmail.com,10/24/2018,11,,,,,,,,,
968,Sneha Jain,snehajain4362@gmail.com,4/13/2019,14,,,,,,,,,
969,Nisha Gupta,nishagupta3107@gmail.com,6/18/2017,10,,,,,,,,,
970,Ravi Jain,ravijain6430@gmail.com,6/8/2023,13,,,,,,,,,
971,Ankit Malhotra,ankitmalhotra10401@gmail.com,3/7/2019,12,,,,,,,,,
972,Rahul Kapoor,rahulkapoor10950@gmail.com,5/9/2019,9,,,,,,,,,
973,Vikas Verma,vikasverma10640@gmail.com,1/8/2021,12,,,,,,,,,
974,Vikas Mehta,vikasmehta7078@gmail.com,2/25/2023,10,,,,,,,,,
975,Amit Singh,amitsingh3721@gmail.com,1/12/2017,13,,,,,,,,,
976,Sneha Jain,snehajain2274@gmail.com,1/13/2021,14,,,,,,,,,
977,Ankit Gupta,ankitgupta5304@gmail.com,6/20/2023,12,,,,,,,,,
978,Pooja Sharma,poojasharma7322@gmail.com,2/7/2017,13,,,,,,,,,
979,Suman Verma,sumanverma7065@gmail.com,4/23/2021,10,,,,,,,,,
980,Amit Singh,amitsingh2378@gmail.com,3/13/2017,13,,,,,,,,,
981,Pooja Mehta,poojamehta7619@gmail.com,3/22/2020,13,,,,,,,,,
982,Suman Mehta,sumanmehta10194@gmail.com,7/31/2021,6,,,,,,,,,
983,Ravi Verma,raviverma5687@gmail.com,12/16/2017,2,,,,,,,,,
984,Amit Kapoor,amitkapoor6199@gmail.com,4/2/2017,2,,,,,,,,,
985,Nisha Sharma,nishasharma9868@gmail.com,3/2/2021,11,,,,,,,,,
986,Sneha Verma,snehaverma2887@gmail.com,4/5/2017,8,,,,,,,,,
987,Vikas Jain,vikasjain3492@gmail.com,4/25/2019,10,,,,,,,,,
988,Sneha Singh,snehasingh4724@gmail.com,12/14/2022,5,,,,,,,,,
989,Rohit Kapoor,rohitkapoor4956@gmail.com,4/16/2023,9,,,,,,,,,
990,Neha Verma,nehaverma10614@gmail.com,5/31/2018,1,,,,,,,,,
991,Vikas Patel,vikaspatel6762@gmail.com,7/14/2020,13,,,,,,,,,
992,Ravi Kapoor,ravikapoor2732@gmail.com,6/23/2020,14,,,,,,,,,
993,Neha Jain,nehajain8855@gmail.com,2/1/2021,11,,,,,,,,,
994,Karan Gupta,karangupta8478@gmail.com,8/26/2022,2,,,,,,,,,
995,Sneha Jain,snehajain10357@gmail.com,12/2/2021,4,,,,,,,,,
996,Nisha Singh,nishasingh9607@gmail.com,1/3/2020,7,,,,,,,,,
971,Ankit Malhotra,ankitmalhotra10401@gmail.com,3/7/2019,12,,,,,,,,,
997,Vikas Gupta,vikasgupta7431@gmail.com,6/23/2021,11,,,,,,,,,
998,Suman Sharma,sumansharma2894@gmail.com,8/1/2022,10,,,,,,,,,
999,Neha Gupta,nehagupta5605@gmail.com,7/23/2022,6,,,,,,,,,
1000,Rohit Verma,rohitverma8552@gmail.com,1/7/2017,9,,,,,,,,,
